Name,Minimum,Maximum,Length,CDS,product,CDS Position,Change,locus_tag,Polymorphism Type,Protein Effect,Variant Nucleotide(s),Variant Frequency,Type,protein_id,Reference Nucleotide(s),Amino Acid Change,Codon Change,Reference Frequency,gene
C,3345682,3345682,1,acnB CDS,bifunctional aconitate hydratase 2/2-methylisocitrate dehydratase,84,T -> C,AOY38_RS15500,SNP (transition),None,C,54.1%,Polymorphism,WP_010874171.1,T,,ACT -> ACC,45.8%,acnB
CATGGA,3107029,3107028,0,IS5 family transposase CDS,IS5 family transposase,443,+CATGGA,AOY38_RS16950,Insertion,Insertion,CATGGA,84.8%,Polymorphism,,,G -> VHG,"GGT -> GTC,CAT,GGT",,
T,3107024,3107024,1,IS5 family transposase CDS,IS5 family transposase,447,G -> T,AOY38_RS16950,SNP (transversion),None,T,98.3%,Polymorphism,,G,,GCC -> GCA,1.7%,
T,3095617,3095617,1,transposase CDS,transposase,400,C -> T,AOY38_RS14410,SNP (transition),Substitution,T,96.7%,Polymorphism,,C,R -> C,CGT -> TGT,3.3%,
A,3062731,3062731,1,DUF305 domain-containing protein CDS,DUF305 domain-containing protein,387,C -> A,AOY38_RS14265,SNP (transversion),Substitution,A,66.7%,Polymorphism,WP_010873937.1,C,E -> D,GAG -> GAT,33.2%,
GTC,3062122,3062124,2,two-component system response regulator RppA CDS,two-component system response regulator RppA,397,TTG -> GTC,AOY38_RS14260,Substitution,Substitution,GTC,50.0% -> 50.8%,Polymorphism,WP_010873936.1,TTG,Q -> D,CAA -> GAC,,
T,3061674,3061674,1,two-component system sensor histidine kinase RppB CDS,two-component system sensor histidine kinase RppB,162,C -> T,AOY38_RS14255,SNP (transition),None,T,65.4%,Polymorphism,WP_010873935.1,C,,GGG -> GGA,34.5%,
T,3011575,3011575,1,diguanylate cyclase CDS,diguanylate cyclase,276,C -> T,AOY38_RS14045,SNP (transition),None,T,100.0%,Polymorphism,WP_010873896.1,C,,ACC -> ACT,,
A,2994786,2994786,1,transposase CDS,transposase,205,G -> A,AOY38_RS17750,SNP (transition),Substitution,A,51.6%,Polymorphism,WP_010873882.1,G,P -> S,CCG -> TCG,48.3%,
G,2994759,2994759,1,transposase CDS,transposase,232,A -> G,AOY38_RS17750,SNP (transition),Substitution,G,55.6%,Polymorphism,WP_010873882.1,A,Y -> H,TAT -> CAT,44.4%,
C,2994722,2994722,1,transposase CDS,transposase,269,T -> C,AOY38_RS17750,SNP (transition),Extension,C,60.2%,Polymorphism,WP_010873882.1,T,,,39.8%,
G,2994661,2994661,1,,,,A -> G,,SNP (transition),,G,51.0%,Polymorphism,,A,,,48.8%,
T,2270814,2270814,1,response regulator CDS,response regulator,1344,C -> T,AOY38_RS10720,SNP (transition),None,T,59.6%,Polymorphism,WP_060492346.1,C,,CGC -> CGT,40.4%,
A,2233331,2233331,1,hypothetical protein CDS,hypothetical protein,42,G -> A,AOY38_RS10545,SNP (transition),None,A,99.6%,Polymorphism,WP_020862230.1,G,,GGC -> GGT,0.4%,
C,1971801,1971801,1,transposase CDS,transposase,167,T -> C,AOY38_RS17215,SNP (transition),Substitution,C,50.3%,Polymorphism,WP_230401110.1,T,V -> A,GTA -> GCA,49.7%,
A,1971782,1971782,1,transposase CDS,transposase,148,G -> A,AOY38_RS17215,SNP (transition),Substitution,A,50.0%,Polymorphism,WP_230401110.1,G,G -> R,GGA -> AGA,49.8%,
A,1971739,1971739,1,transposase CDS,transposase,105,G -> A,AOY38_RS17215,SNP (transition),None,A,50.2%,Polymorphism,WP_230401110.1,G,,AGG -> AGA,49.7%,
T,1971689,1971689,1,transposase CDS,transposase,55,C -> T,AOY38_RS17215,SNP (transition),Truncation,T,52.8%,Polymorphism,WP_230401110.1,C,,,47.1%,
C,1971680,1971680,1,transposase CDS,transposase,46,G -> C,AOY38_RS17215,SNP (transversion),Substitution,C,52.5%,Polymorphism,WP_230401110.1,G,V -> L,GTA -> CTA,47.5%,
A,1971656,1971656,1,transposase CDS,transposase,22,G -> A,AOY38_RS17215,SNP (transition),Substitution,A,54.2%,Polymorphism,WP_230401110.1,G,E -> K,GAG -> AAG,45.7%,
T,1971590,1971590,1,IS701 family transposase CDS,IS701 family transposase,456,C -> T,AOY38_RS09350,SNP (transition),None,T,54.5%,Polymorphism,WP_071822654.1,C,,ATC -> ATT,45.4%,
G,1971567,1971567,1,IS701 family transposase CDS,IS701 family transposase,433,A -> G,AOY38_RS09350,SNP (transition),Substitution,G,61.9%,Polymorphism,WP_071822654.1,A,R -> G,AGA -> GGA,38.0%,
C,1971488,1971488,1,IS701 family transposase CDS,IS701 family transposase,354,T -> C,AOY38_RS09350,SNP (transition),None,C,68.4%,Polymorphism,WP_071822654.1,T,,AGT -> AGC,31.6%,
G,1852401,1852401,1,peptidase domain-containing ABC transporter CDS,peptidase domain-containing ABC transporter,416,A -> G,AOY38_RS08780,SNP (transition),Substitution,G,100.0%,Polymorphism,WP_010872887.1,A,L -> P,CTA -> CCA,,
C,1454146,1454146,1,Rpn family recombination-promoting nuclease/putative transposase CDS,Rpn family recombination-promoting nuclease/putative transposase,172,T -> C,AOY38_RS06815,SNP (transition),None,C,74.5%,Polymorphism,WP_010872524.1,T,,TTG -> CTG,25.4%,
G,1454112,1454112,1,Rpn family recombination-promoting nuclease/putative transposase CDS,Rpn family recombination-promoting nuclease/putative transposase,138,A -> G,AOY38_RS06815,SNP (transition),None,G,76.1%,Polymorphism,WP_010872524.1,A,,CTA -> CTG,23.9%,
G,1211251,1211251,1,Rpn family recombination-promoting nuclease/putative transposase CDS,Rpn family recombination-promoting nuclease/putative transposase,243,A -> G,AOY38_RS05635,SNP (transition),None,G,58.5%,Polymorphism,WP_010872295.1,A,,CGT -> CGC,41.3%,
CAC,1211152,1211154,2,Rpn family recombination-promoting nuclease/putative transposase CDS,Rpn family recombination-promoting nuclease/putative transposase,340,TAA -> CAC,AOY38_RS05635,Substitution,Substitution,CAC,50.1%,Polymorphism,WP_010872295.1,TAA,L -> V,TTA -> GTG,,
A,1211149,1211149,1,Rpn family recombination-promoting nuclease/putative transposase CDS,Rpn family recombination-promoting nuclease/putative transposase,345,G -> A,AOY38_RS05635,SNP (transition),None,A,66.4%,Polymorphism,WP_010872295.1,G,,CAC -> CAT,33.5%,
G,1211088,1211088,1,Rpn family recombination-promoting nuclease/putative transposase CDS,Rpn family recombination-promoting nuclease/putative transposase,406,A -> G,AOY38_RS05635,SNP (transition),None,G,77.6%,Polymorphism,WP_010872295.1,A,,TTA -> CTA,22.4%,
C,1211083,1211083,1,Rpn family recombination-promoting nuclease/putative transposase CDS,Rpn family recombination-promoting nuclease/putative transposase,411,T -> C,AOY38_RS05635,SNP (transition),None,C,77.4%,Polymorphism,WP_010872295.1,T,,TTA -> TTG,22.6%,
T,1210996,1210996,1,Rpn family recombination-promoting nuclease/putative transposase CDS,Rpn family recombination-promoting nuclease/putative transposase,498,C -> T,AOY38_RS05635,SNP (transition),None,T,82.3%,Polymorphism,WP_010872295.1,C,,CGG -> CGA,17.7%,
C,1210900,1210900,1,Rpn family recombination-promoting nuclease/putative transposase CDS,Rpn family recombination-promoting nuclease/putative transposase,594,T -> C,AOY38_RS05635,SNP (transition),None,C,80.0%,Polymorphism,WP_010872295.1,T,,AAA -> AAG,19.9%,
A,1210888,1210888,1,Rpn family recombination-promoting nuclease/putative transposase CDS,Rpn family recombination-promoting nuclease/putative transposase,606,G -> A,AOY38_RS05635,SNP (transition),None,A,57.6%,Polymorphism,WP_010872295.1,G,,GTC -> GTT,42.3%,
C,1210843,1210843,1,Rpn family recombination-promoting nuclease/putative transposase CDS,Rpn family recombination-promoting nuclease/putative transposase,651,T -> C,AOY38_RS05635,SNP (transition),None,C,51.8%,Polymorphism,WP_010872295.1,T,,GAA -> GAG,43.8%,
A,1210707,1210707,1,,,,G -> A,,SNP (transition),,A,55.5%,Polymorphism,,G,,,44.5%,
T,1031370,1031370,1,,,,C -> T,,SNP (transition),,T,99.8%,Polymorphism,,C,,,,
C,1014748,1014748,1,,,,G -> C,,SNP (transversion),,C,100.0%,Polymorphism,,G,,,,
A,781874,781874,1,PP2C family protein-serine/threonine phosphatase CDS,PP2C family protein-serine/threonine phosphatase,53,C -> A,AOY38_RS03640,SNP (transversion),Substitution,A,100.0%,Polymorphism,WP_231848823.1,C,P -> H,CCC -> CAC,,
T,781870,781870,1,PP2C family protein-serine/threonine phosphatase CDS,PP2C family protein-serine/threonine phosphatase,49,A -> T,AOY38_RS03640,SNP (transversion),Substitution,T,100.0%,Polymorphism,WP_231848823.1,A,I -> F,ATT -> TTT,,
A,781868,781868,1,PP2C family protein-serine/threonine phosphatase CDS,PP2C family protein-serine/threonine phosphatase,47,T -> A,AOY38_RS03640,SNP (transversion),Substitution,A,100.0%,Polymorphism,WP_231848823.1,T,V -> D,GTT -> GAT,,
A,781863,781863,1,PP2C family protein-serine/threonine phosphatase CDS,PP2C family protein-serine/threonine phosphatase,42,T -> A,AOY38_RS03640,SNP (transversion),Substitution,A,68.4%,Polymorphism,WP_231848823.1,T,D -> E,GAT -> GAA,15.2%,
TG,781859,781860,2,PP2C family protein-serine/threonine phosphatase CDS,PP2C family protein-serine/threonine phosphatase,38,CC -> TG,AOY38_RS03640,Substitution,Substitution,TG,76.5% -> 82.9%,Polymorphism,WP_231848823.1,CC,T -> M,ACC -> ATG,,
CTCA,781855,781857,1,PP2C family protein-serine/threonine phosphatase CDS,PP2C family protein-serine/threonine phosphatase,34,TCC -> CTCA,AOY38_RS03640,Insertion,Frame Shift,CTCA,43.8% -> 56.0%,Polymorphism,WP_231848823.1,TCC,,,,
T,781853,781853,1,PP2C family protein-serine/threonine phosphatase CDS,PP2C family protein-serine/threonine phosphatase,32,C -> T,AOY38_RS03640,SNP (transition),Substitution,T,93.3%,Polymorphism,WP_231848823.1,C,P -> L,CCG -> CTG,,
AAA,781848,781850,3,PP2C family protein-serine/threonine phosphatase CDS,PP2C family protein-serine/threonine phosphatase,27,CTT -> AAA,AOY38_RS03640,Substitution,Substitution,AAA,83.3% -> 85.7%,Polymorphism,WP_231848823.1,CTT,SL -> RK,"AGC,TTA -> AGA,AAA",,
G,781748,781748,1,,,,C -> G,,SNP (transversion),,G,57.1%,Polymorphism,,C,,,42.9%,
GG,781745,781746,2,,,,AA -> GG,,Substitution,,GG,81.8% -> 86.7%,Polymorphism,,AA,,,,
T,781742,781742,1,,,,A -> T,,SNP (transversion),,T,96.3%,Polymorphism,,A,,,3.7%,
T,781740,781740,1,,,,G -> T,,SNP (transversion),,T,65.6%,Polymorphism,,G,,,,
C,781738,781738,1,,,,A -> C,,SNP (transversion),,C,83.7%,Polymorphism,,A,,,7.0%,
C,781735,781735,1,,,,G -> C,,SNP (transversion),,C,64.6%,Polymorphism,,G,,,12.3%,
G,781731,781731,1,,,,A -> G,,SNP (transition),,G,56.3%,Polymorphism,,A,,,26.4%,
T,781728,781727,0,,,,(T)3 -> (T)4,,Insertion (tandem repeat),,T,51.6%,Polymorphism,,,,,,
TTT,781728,781727,0,,,,+TTT,,Insertion,,TTT,69.5%,Polymorphism,,,,,,
A,781728,781727,0,,,,+A,,Insertion,,A,69.5%,Polymorphism,,,,,,
A,527621,527621,1,CHAT domain-containing protein CDS,CHAT domain-containing protein,3138,G -> A,AOY38_RS02450,SNP (transition),None,A,84.6%,Polymorphism,WP_223211333.1,G,,GAG -> GAA,15.4%,
G,527618,527618,1,CHAT domain-containing protein CDS,CHAT domain-containing protein,3135,C -> G,AOY38_RS02450,SNP (transversion),None,G,92.3%,Polymorphism,WP_223211333.1,C,,CCC -> CCG,7.7%,
G,527615,527615,1,CHAT domain-containing protein CDS,CHAT domain-containing protein,3132,A -> G,AOY38_RS02450,SNP (transition),None,G,93.3%,Polymorphism,WP_223211333.1,A,,GAA -> GAG,6.7%,
G,488332,488332,1,AMP-binding protein CDS,AMP-binding protein,764,T -> G,AOY38_RS02315,SNP (transversion),Substitution,G,99.6%,Polymorphism,WP_014407070.1,T,F -> C,TTC -> TGC,0.2%,
A,1,1,1,sds CDS,solanesyl diphosphate synthase,201,G -> A,AOY38_RS00005,SNP (transition),None,A,51.6%,Polymorphism,WP_010871207.1,G,,ACG -> ACA,9.4%,sds
