Name,Minimum,Maximum,Length,CDS,product,CDS Position,Change,locus_tag,Polymorphism Type,Protein Effect,Variant Nucleotide(s),Variant Frequency,protein_id,Reference Nucleotide(s),Amino Acid Change,Codon Change,Reference Frequency
C,285611,285611,1,Rpn family recombination-promoting nuclease/putative transposase CDS,Rpn family recombination-promoting nuclease/putative transposase,328,A -> C,AOY38_RS01350,SNP (transversion),Substitution,C,51.20%,WP_010871467.1,A,L -> V,TTG -> GTG,48.80%
A,781863,781863,1,PP2C family protein-serine/threonine phosphatase CDS,PP2C family protein-serine/threonine phosphatase,42,T -> A,AOY38_RS03640,SNP (transversion),Substitution,A,51.90%,WP_231848823.1,T,D -> E,GAT -> GAA,29.60%
TCG,3062116,3062118,2,two-component system response regulator RppA CDS,two-component system response regulator RppA,403,CCA -> TCG,AOY38_RS14260,Substitution,Substitution,TCG,51.9% -> 52.4%,WP_010873936.1,CCA,W -> R,TGG -> CGA,
G,1905074,1905074,1,,,,A -> G,,SNP (transition),,G,52.70%,,A,,,47.30%
T,1971608,1971608,1,IS701 family transposase CDS,IS701 family transposase,474,C -> T,AOY38_RS09350,SNP (transition),None,T,52.70%,WP_071822654.1,C,,GGC -> GGT,46.70%
T,1971590,1971590,1,IS701 family transposase CDS,IS701 family transposase,456,C -> T,AOY38_RS09350,SNP (transition),None,T,53.00%,WP_071822654.1,C,,ATC -> ATT,47.00%
T,1971689,1971689,1,transposase CDS,transposase,55,C -> T,AOY38_RS17215,SNP (transition),Truncation,T,53.50%,WP_230401110.1,C,,,46.50%
C,3345682,3345682,1,acnB CDS,bifunctional aconitate hydratase 2/2-methylisocitrate dehydratase,84,T -> C,AOY38_RS15500,SNP (transition),None,C,53.50%,WP_010874171.1,T,,ACT -> ACC,46.50%
G,781731,781731,1,,,,A -> G,,SNP (transition),,G,53.60%,,A,,,32.10%
GTC,3062122,3062124,2,two-component system response regulator RppA CDS,two-component system response regulator RppA,397,TTG -> GTC,AOY38_RS14260,Substitution,Substitution,GTC,53.7% -> 53.8%,WP_010873936.1,TTG,Q -> D,CAA -> GAC,
T,781740,781740,1,,,,G -> T,,SNP (transversion),,T,53.80%,,G,,,7.70%
C,1971680,1971680,1,transposase CDS,transposase,46,G -> C,AOY38_RS17215,SNP (transversion),Substitution,C,53.80%,WP_230401110.1,G,V -> L,GTA -> CTA,46.20%
G,1211251,1211251,1,Rpn family recombination-promoting nuclease/putative transposase CDS,Rpn family recombination-promoting nuclease/putative transposase,243,A -> G,AOY38_RS05635,SNP (transition),None,G,54.40%,WP_010872295.1,A,,CGT -> CGC,45.60%
G,1971567,1971567,1,IS701 family transposase CDS,IS701 family transposase,433,A -> G,AOY38_RS09350,SNP (transition),Substitution,G,54.40%,WP_071822654.1,A,R -> G,AGA -> GGA,45.60%
T,1971483,1971483,1,IS701 family transposase CDS,IS701 family transposase,349,C -> T,AOY38_RS09350,SNP (transition),Substitution,T,54.60%,WP_071822654.1,C,R -> W,CGG -> TGG,45.40%
A,1971739,1971739,1,transposase CDS,transposase,105,G -> A,AOY38_RS17215,SNP (transition),None,A,54.60%,WP_230401110.1,G,,AGG -> AGA,45.20%
G,3062005,3062005,1,two-component system response regulator RppA CDS,two-component system response regulator RppA,516,A -> G,AOY38_RS14260,SNP (transition),None,G,54.70%,WP_010873936.1,A,,CTT -> CTC,45.30%
A,1971656,1971656,1,transposase CDS,transposase,22,G -> A,AOY38_RS17215,SNP (transition),Substitution,A,55.00%,WP_230401110.1,G,E -> K,GAG -> AAG,45.00%
C,1971801,1971801,1,transposase CDS,transposase,167,T -> C,AOY38_RS17215,SNP (transition),Substitution,C,55.20%,WP_230401110.1,T,V -> A,GTA -> GCA,44.80%
A,1971782,1971782,1,transposase CDS,transposase,148,G -> A,AOY38_RS17215,SNP (transition),Substitution,A,55.50%,WP_230401110.1,G,G -> R,GGA -> AGA,44.50%
C,2994722,2994722,1,transposase CDS,transposase,269,T -> C,AOY38_RS17750,SNP (transition),Extension,C,55.80%,WP_010873882.1,T,,,44.00%
CGGCG,5,4,0,sds CDS,solanesyl diphosphate synthase,205,#NAME?,AOY38_RS00005,Insertion,Frame Shift,CGGCG,56.50%,WP_010871207.1,,,,
A,1210707,1210707,1,,,,G -> A,,SNP (transition),,A,56.90%,,G,,,43.10%
T,2270814,2270814,1,response regulator CDS,response regulator,1344,C -> T,AOY38_RS10720,SNP (transition),None,T,57.00%,WP_060492346.1,C,,CGC -> CGT,43.00%
A,1454235,1454235,1,Rpn family recombination-promoting nuclease/putative transposase CDS,Rpn family recombination-promoting nuclease/putative transposase,261,G -> A,AOY38_RS06815,SNP (transition),None,A,57.10%,WP_010872524.1,G,,ACG -> ACA,41.20%
T,1454196,1454196,1,Rpn family recombination-promoting nuclease/putative transposase CDS,Rpn family recombination-promoting nuclease/putative transposase,222,C -> T,AOY38_RS06815,SNP (transition),None,T,57.20%,WP_010872524.1,C,,GAC -> GAT,42.80%
T,3061993,3061993,1,two-component system response regulator RppA CDS,two-component system response regulator RppA,528,C -> T,AOY38_RS14260,SNP (transition),None,T,59.00%,WP_010873936.1,C,,CAG -> CAA,41.00%
G,2995504,2995504,1,IS701 family transposase CDS,IS701 family transposase,332,A -> G,AOY38_RS17755,SNP (transition),Substitution,G,59.20%,WP_010873883.1,A,I -> T,ATA -> ACA,40.80%
T,1210765,1210765,1,Rpn family recombination-promoting nuclease/putative transposase CDS,Rpn family recombination-promoting nuclease/putative transposase,729,C -> T,AOY38_RS05635,SNP (transition),None,T,60.20%,WP_010872295.1,C,,GAG -> GAA,39.80%
A,1210888,1210888,1,Rpn family recombination-promoting nuclease/putative transposase CDS,Rpn family recombination-promoting nuclease/putative transposase,606,G -> A,AOY38_RS05635,SNP (transition),None,A,61.00%,WP_010872295.1,G,,GTC -> GTT,39.00%
A,1211149,1211149,1,Rpn family recombination-promoting nuclease/putative transposase CDS,Rpn family recombination-promoting nuclease/putative transposase,345,G -> A,AOY38_RS05635,SNP (transition),None,A,62.40%,WP_010872295.1,G,,CAC -> CAT,37.60%
TG,781859,781860,2,PP2C family protein-serine/threonine phosphatase CDS,PP2C family protein-serine/threonine phosphatase,38,CC -> TG,AOY38_RS03640,Substitution,Substitution,TG,62.5% -> 66.7%,WP_231848823.1,CC,T -> M,ACC -> ATG,
G,1454448,1454448,1,Rpn family recombination-promoting nuclease/putative transposase CDS,Rpn family recombination-promoting nuclease/putative transposase,474,A -> G,AOY38_RS06815,SNP (transition),None,G,63.40%,WP_010872524.1,A,,GTA -> GTG,36.60%
C,1454449,1454449,1,Rpn family recombination-promoting nuclease/putative transposase CDS,Rpn family recombination-promoting nuclease/putative transposase,475,T -> C,AOY38_RS06815,SNP (transition),None,C,63.50%,WP_010872524.1,T,,TTG -> CTG,36.50%
G,3061671,3061671,1,two-component system sensor histidine kinase RppB CDS,two-component system sensor histidine kinase RppB,165,A -> G,AOY38_RS14255,SNP (transition),None,G,63.60%,WP_010873935.1,A,,ACT -> ACC,36.40%
T,3061674,3061674,1,two-component system sensor histidine kinase RppB CDS,two-component system sensor histidine kinase RppB,162,C -> T,AOY38_RS14255,SNP (transition),None,T,63.90%,WP_010873935.1,C,,GGG -> GGA,36.10%
A,3061682,3061682,1,two-component system sensor histidine kinase RppB CDS,two-component system sensor histidine kinase RppB,154,G -> A,AOY38_RS14255,SNP (transition),None,A,63.90%,WP_010873935.1,G,,CTA -> TTA,36.10%
A,3061683,3061683,1,two-component system sensor histidine kinase RppB CDS,two-component system sensor histidine kinase RppB,153,G -> A,AOY38_RS14255,SNP (transition),None,A,63.90%,WP_010873935.1,G,,TCC -> TCT,36.10%
A,3061945,3061945,1,two-component system response regulator RppA CDS,two-component system response regulator RppA,576,G -> A,AOY38_RS14260,SNP (transition),None,A,64.00%,WP_010873936.1,G,,GTC -> GTT,36.00%
A,781728,781727,0,,,,#NAME?,,Insertion,,A,64.10%,,,,,
T,781728,781727,0,,,,(T)3 -> (T)4,,Insertion (tandem repeat),,T,64.10%,,,,,
T,781728,781727,0,,,,(T)3 -> (T)4,,Insertion (tandem repeat),,T,64.10%,,,,,
T,781728,781727,0,,,,(T)3 -> (T)4,,Insertion (tandem repeat),,T,64.10%,,,,,
G,3061957,3061957,1,two-component system response regulator RppA CDS,two-component system response regulator RppA,564,A -> G,AOY38_RS14260,SNP (transition),None,G,64.10%,WP_010873936.1,A,,TCT -> TCC,35.90%
T,3061677,3061677,1,two-component system sensor histidine kinase RppB CDS,two-component system sensor histidine kinase RppB,159,C -> T,AOY38_RS14255,SNP (transition),None,T,64.30%,WP_010873935.1,C,,GCG -> GCA,35.70%
A,3061876,3061876,1,two-component system response regulator RppA CDS,two-component system response regulator RppA,645,G -> A,AOY38_RS14260,SNP (transition),None,A,64.30%,WP_010873936.1,G,,ACC -> ACT,35.70%
A,3060648,3060648,1,two-component system sensor histidine kinase RppB CDS,two-component system sensor histidine kinase RppB,1188,G -> A,AOY38_RS14255,SNP (transition),None,A,64.40%,WP_010873935.1,G,,GAC -> GAT,35.60%
TAA,3061689,3061691,2,two-component system sensor histidine kinase RppB CDS,two-component system sensor histidine kinase RppB,145,AAG -> TAA,AOY38_RS14255,Substitution,None,TAA,64.4% -> 65.3%,WP_010873935.1,AAG,,CTT -> TTA,
G,3061658,3061658,1,two-component system sensor histidine kinase RppB CDS,two-component system sensor histidine kinase RppB,178,A -> G,AOY38_RS14255,SNP (transition),None,G,64.60%,WP_010873935.1,A,,TTG -> CTG,35.40%
G,3061686,3061686,1,two-component system sensor histidine kinase RppB CDS,two-component system sensor histidine kinase RppB,150,A -> G,AOY38_RS14255,SNP (transition),None,G,65.40%,WP_010873935.1,A,,ACT -> ACC,34.60%
T,3061692,3061692,1,two-component system sensor histidine kinase RppB CDS,two-component system sensor histidine kinase RppB,144,C -> T,AOY38_RS14255,SNP (transition),None,T,65.60%,WP_010873935.1,C,,GAG -> GAA,34.40%
C,3061907,3061907,1,two-component system response regulator RppA CDS,two-component system response regulator RppA,614,T -> C,AOY38_RS14260,SNP (transition),Substitution,C,66.20%,WP_010873936.1,T,E -> G,GAG -> GGG,33.80%
C,3061635,3061635,1,two-component system sensor histidine kinase RppB CDS,two-component system sensor histidine kinase RppB,201,T -> C,AOY38_RS14255,SNP (transition),None,C,66.60%,WP_010873935.1,T,,CCA -> CCG,33.30%
C,1211152,1211152,1,Rpn family recombination-promoting nuclease/putative transposase CDS,Rpn family recombination-promoting nuclease/putative transposase,342,T -> C,AOY38_RS05635,SNP (transition),None,C,66.70%,WP_010872295.1,T,,TTA -> TTG,33.30%
A,3060699,3060699,1,two-component system sensor histidine kinase RppB CDS,two-component system sensor histidine kinase RppB,1137,G -> A,AOY38_RS14255,SNP (transition),None,A,66.70%,WP_010873935.1,G,,GGC -> GGT,33.30%
C,3062377,3062377,1,two-component system response regulator RppA CDS,two-component system response regulator RppA,144,G -> C,AOY38_RS14260,SNP (transversion),None,C,66.80%,WP_010873936.1,G,,ACC -> ACG,33.20%
C,1971488,1971488,1,IS701 family transposase CDS,IS701 family transposase,354,T -> C,AOY38_RS09350,SNP (transition),None,C,67.00%,WP_071822654.1,T,,AGT -> AGC,33.00%
T,3062374,3062374,1,two-component system response regulator RppA CDS,two-component system response regulator RppA,147,C -> T,AOY38_RS14260,SNP (transition),None,T,67.20%,WP_010873936.1,C,,CTG -> CTA,32.80%
C,3061617,3061617,1,two-component system sensor histidine kinase RppB CDS,two-component system sensor histidine kinase RppB,219,T -> C,AOY38_RS14255,SNP (transition),None,C,67.40%,WP_010873935.1,T,,TCA -> TCG,32.60%
C,1454214,1454214,1,Rpn family recombination-promoting nuclease/putative transposase CDS,Rpn family recombination-promoting nuclease/putative transposase,240,T -> C,AOY38_RS06815,SNP (transition),None,C,68.00%,WP_010872524.1,T,,TAT -> TAC,32.00%
G,3062185,3062185,1,two-component system response regulator RppA CDS,two-component system response regulator RppA,336,A -> G,AOY38_RS14260,SNP (transition),None,G,68.40%,WP_010873936.1,A,,GCT -> GCC,31.60%
A,3061764,3061764,1,two-component system sensor histidine kinase RppB CDS,two-component system sensor histidine kinase RppB,72,T -> A,AOY38_RS14255,SNP (transversion),None,A,68.60%,WP_010873935.1,T,,CTA -> CTT,31.40%
G,3062257,3062257,1,two-component system response regulator RppA CDS,two-component system response regulator RppA,264,A -> G,AOY38_RS14260,SNP (transition),None,G,68.60%,WP_010873936.1,A,,GAT -> GAC,31.40%
T,3061767,3061767,1,two-component system sensor histidine kinase RppB CDS,two-component system sensor histidine kinase RppB,69,C -> T,AOY38_RS14255,SNP (transition),None,T,68.70%,WP_010873935.1,C,,GGG -> GGA,31.10%
G,3062206,3062206,1,two-component system response regulator RppA CDS,two-component system response regulator RppA,315,A -> G,AOY38_RS14260,SNP (transition),None,G,69.00%,WP_010873936.1,A,,TTT -> TTC,31.00%
A,3062215,3062215,1,two-component system response regulator RppA CDS,two-component system response regulator RppA,306,G -> A,AOY38_RS14260,SNP (transition),None,A,69.00%,WP_010873936.1,G,,ATC -> ATT,31.00%
C,3062341,3062341,1,two-component system response regulator RppA CDS,two-component system response regulator RppA,180,T -> C,AOY38_RS14260,SNP (transition),None,C,69.30%,WP_010873936.1,T,,TCA -> TCG,30.70%
A,3062731,3062731,1,DUF305 domain-containing protein CDS,DUF305 domain-containing protein,387,C -> A,AOY38_RS14265,SNP (transversion),Substitution,A,71.90%,WP_010873937.1,C,E -> D,GAG -> GAT,28.10%
G,1454073,1454073,1,Rpn family recombination-promoting nuclease/putative transposase CDS,Rpn family recombination-promoting nuclease/putative transposase,99,A -> G,AOY38_RS06815,SNP (transition),None,G,72.20%,WP_010872524.1,A,,CCA -> CCG,27.80%
G,3062957,3062957,1,DUF305 domain-containing protein CDS,DUF305 domain-containing protein,161,A -> G,AOY38_RS14265,SNP (transition),Substitution,G,72.20%,WP_010873937.1,A,I -> T,ATT -> ACT,27.80%
C,1454277,1454277,1,Rpn family recombination-promoting nuclease/putative transposase CDS,Rpn family recombination-promoting nuclease/putative transposase,303,T -> C,AOY38_RS06815,SNP (transition),None,C,74.00%,WP_010872524.1,T,,GAT -> GAC,26.00%
T,1454517,1454517,1,Rpn family recombination-promoting nuclease/putative transposase CDS,Rpn family recombination-promoting nuclease/putative transposase,543,C -> T,AOY38_RS06815,SNP (transition),None,T,74.70%,WP_010872524.1,C,,ATC -> ATT,25.30%
C,1454100,1454100,1,Rpn family recombination-promoting nuclease/putative transposase CDS,Rpn family recombination-promoting nuclease/putative transposase,126,G -> C,AOY38_RS06815,SNP (transversion),None,C,75.20%,WP_010872524.1,G,,CGG -> CGC,24.80%
C,1211083,1211083,1,Rpn family recombination-promoting nuclease/putative transposase CDS,Rpn family recombination-promoting nuclease/putative transposase,411,T -> C,AOY38_RS05635,SNP (transition),None,C,75.40%,WP_010872295.1,T,,TTA -> TTG,24.40%
G,1211088,1211088,1,Rpn family recombination-promoting nuclease/putative transposase CDS,Rpn family recombination-promoting nuclease/putative transposase,406,A -> G,AOY38_RS05635,SNP (transition),None,G,75.80%,WP_010872295.1,A,,TTA -> CTA,24.20%
C,1454146,1454146,1,Rpn family recombination-promoting nuclease/putative transposase CDS,Rpn family recombination-promoting nuclease/putative transposase,172,T -> C,AOY38_RS06815,SNP (transition),None,C,76.80%,WP_010872524.1,T,,TTG -> CTG,23.20%
C,781738,781738,1,,,,A -> C,,SNP (transversion),,C,77.30%,,A,,,13.60%
C,1210900,1210900,1,Rpn family recombination-promoting nuclease/putative transposase CDS,Rpn family recombination-promoting nuclease/putative transposase,594,T -> C,AOY38_RS05635,SNP (transition),None,C,77.40%,WP_010872295.1,T,,AAA -> AAG,22.50%
T,1210996,1210996,1,Rpn family recombination-promoting nuclease/putative transposase CDS,Rpn family recombination-promoting nuclease/putative transposase,498,C -> T,AOY38_RS05635,SNP (transition),None,T,77.40%,WP_010872295.1,C,,CGG -> CGA,22.60%
G,1454112,1454112,1,Rpn family recombination-promoting nuclease/putative transposase CDS,Rpn family recombination-promoting nuclease/putative transposase,138,A -> G,AOY38_RS06815,SNP (transition),None,G,77.90%,WP_010872524.1,A,,CTA -> CTG,22.10%
C,781735,781735,1,,,,G -> C,,SNP (transversion),,C,79.30%,,G,,,10.30%
G,1454280,1454280,1,Rpn family recombination-promoting nuclease/putative transposase CDS,Rpn family recombination-promoting nuclease/putative transposase,306,A -> G,AOY38_RS06815,SNP (transition),None,G,79.30%,WP_010872524.1,A,,TTA -> TTG,20.70%
G,1454232,1454232,1,Rpn family recombination-promoting nuclease/putative transposase CDS,Rpn family recombination-promoting nuclease/putative transposase,258,A -> G,AOY38_RS06815,SNP (transition),None,G,80.90%,WP_010872524.1,A,,AAA -> AAG,19.10%
CTA,1454380,1454382,2,Rpn family recombination-promoting nuclease/putative transposase CDS,Rpn family recombination-promoting nuclease/putative transposase,406,TTG -> CTA,AOY38_RS06815,Substitution,None,CTA,81.1% -> 81.6%,WP_010872524.1,TTG,,TTG -> CTA,
C,1454028,1454028,1,Rpn family recombination-promoting nuclease/putative transposase CDS,Rpn family recombination-promoting nuclease/putative transposase,54,T -> C,AOY38_RS06815,SNP (transition),None,C,81.40%,WP_010872524.1,T,,GCT -> GCC,18.60%
T,3095617,3095617,1,transposase CDS,transposase,400,C -> T,AOY38_RS14410,SNP (transition),Substitution,T,92.40%,,C,R -> C,CGT -> TGT,7.60%
,1764866,1764866,1,EAL domain-containing protein CDS,EAL domain-containing protein,1134,(T)3 -> (T)2,AOY38_RS08370,Deletion (tandem repeat),Frame Shift,,93.60%,,T,,,
G,488332,488332,1,AMP-binding protein CDS,AMP-binding protein,764,T -> G,AOY38_RS02315,SNP (transversion),Substitution,G,100.00%,WP_014407070.1,T,F -> C,TTC -> TGC,
A,781868,781868,1,PP2C family protein-serine/threonine phosphatase CDS,PP2C family protein-serine/threonine phosphatase,47,T -> A,AOY38_RS03640,SNP (transversion),Substitution,A,100.00%,WP_231848823.1,T,V -> D,GTT -> GAT,
T,781870,781870,1,PP2C family protein-serine/threonine phosphatase CDS,PP2C family protein-serine/threonine phosphatase,49,A -> T,AOY38_RS03640,SNP (transversion),Substitution,T,100.00%,WP_231848823.1,A,I -> F,ATT -> TTT,
A,781874,781874,1,PP2C family protein-serine/threonine phosphatase CDS,PP2C family protein-serine/threonine phosphatase,53,C -> A,AOY38_RS03640,SNP (transversion),Substitution,A,100.00%,WP_231848823.1,C,P -> H,CCC -> CAC,
C,831903,831903,1,,,,T -> C,,SNP (transition),,C,100.00%,,T,,,
T,842316,842316,1,rplC CDS,50S ribosomal protein L3,554,C -> T,AOY38_RS03980,SNP (transition),Substitution,T,100.00%,WP_010871979.1,C,R -> Q,CGG -> CAG,
G,1944002,1944002,1,ABC-2 family transporter protein CDS,ABC-2 family transporter protein,343,C -> G,AOY38_RS09230,SNP (transversion),Substitution,G,100.00%,WP_010872970.1,C,R -> G,CGC -> GGC,
A,2233331,2233331,1,hypothetical protein CDS,hypothetical protein,42,G -> A,AOY38_RS10545,SNP (transition),None,A,100.00%,WP_020862230.1,G,,GGC -> GGT,
C,2270308,2270308,1,response regulator CDS,response regulator,838,A -> C,AOY38_RS10720,SNP (transversion),Substitution,C,100.00%,WP_060492346.1,A,T -> P,ACC -> CCC,
T,3011575,3011575,1,diguanylate cyclase CDS,diguanylate cyclase,276,C -> T,AOY38_RS14045,SNP (transition),None,T,100.00%,WP_010873896.1,C,,ACC -> ACT,