Name,Minimum,Maximum,Length,CDS,product,CDS Position,Change,Polymorphism Type,Protein Effect,Variant Nucleotide(s),Variant Frequency,protein_id,Reference Nucleotide(s),Amino Acid Change,Codon Change,Reference Frequency
A,1,1,1,sds CDS,solanesyl diphosphate synthase,201,G -> A,SNP (transition),None,A,50.0%,BAA16579.2,G,,ACG -> ACA,15.8%
G,3065095,3065095,1,sll0789 CDS,OmpR subfamily,516,A -> G,SNP (transition),None,G,50.1%,BAA10709.1,A,,CTT -> CTC,49.9%
T,3400332,3400332,1,sll1475 CDS,sensory transduction histidine kinase,19,C -> T,SNP (transition),Substitution,T,52.9%,BAA18730.1,C,A -> T,GCC -> ACC,47.1%
T,1211692,1211692,1,sll1774 CDS,,729,C -> T,SNP (transition),None,T,53.0%,BAA17665.1,C,,GAG -> GAA,47.0%
T,3065464,3065464,1,sll0789 CDS,OmpR subfamily,147,C -> T,SNP (transition),None,T,53.3%,BAA10709.1,C,,CTG -> CTA,46.7%
C,1972414,1972414,1,slr1683 CDS,transposase,261,T -> C,SNP (transition),None,C,53.6%,BAA18373.1,T,,AGT -> AGC,46.4%
C,3065467,3065467,1,sll0789 CDS,OmpR subfamily,144,G -> C,SNP (transversion),None,C,54.1%,BAA10709.1,G,,ACC -> ACG,45.9%
CGGCG,5,4,0,sds CDS,solanesyl diphosphate synthase,205,+CGGCG,Insertion,Frame Shift,CGGCG,54.4%,BAA16579.2,,,,
G,3065623,3065623,1,sll0788 CDS,,585,A -> G,SNP (transition),None,G,54.4%,BAA10710.1,A,,GGT -> GGC,45.4%
T,3065443,3065443,1,sll0789 CDS,OmpR subfamily,168,C -> T,SNP (transition),None,T,54.7%,BAA10709.1,C,,GTG -> GTA,45.3%
T,3065083,3065083,1,sll0789 CDS,OmpR subfamily,528,C -> T,SNP (transition),None,T,55.0%,BAA10709.1,C,,CAG -> CAA,45.0%
A,3065482,3065482,1,sll0789 CDS,OmpR subfamily,129,G -> A,SNP (transition),None,A,55.6%,BAA10709.1,G,,GGC -> GGT,44.4%
C,3065431,3065431,1,sll0789 CDS,OmpR subfamily,180,T -> C,SNP (transition),None,C,56.3%,BAA10709.1,T,,TCA -> TCG,43.8%
A,3064772,3064772,1,sll0790 CDS,sensory transduction histidine kinase,154,G -> A,SNP (transition),None,A,56.7%,BAA10708.1,G,,CTA -> TTA,43.3%
A,3063738,3063738,1,sll0790 CDS,sensory transduction histidine kinase,1188,G -> A,SNP (transition),None,A,56.9%,BAA10708.1,G,,GAC -> GAT,43.1%
A,386406,386406,1,slr1084 CDS,,230,T -> A,SNP (transversion),Substitution,A,57.0%,BAA16938.1,T,V -> D,GTT -> GAT,43.0%
G,3064761,3064761,1,sll0790 CDS,sensory transduction histidine kinase,165,A -> G,SNP (transition),None,G,57.1%,BAA10708.1,A,,ACT -> ACC,42.9%
A,3064773,3064773,1,sll0790 CDS,sensory transduction histidine kinase,153,G -> A,SNP (transition),None,A,57.2%,BAA10708.1,G,,TCC -> TCT,42.8%
T,3064764,3064764,1,sll0790 CDS,sensory transduction histidine kinase,162,C -> T,SNP (transition),None,T,57.3%,BAA10708.1,C,,GGG -> GGA,42.7%
G,3064748,3064748,1,sll0790 CDS,sensory transduction histidine kinase,178,A -> G,SNP (transition),None,G,57.6%,BAA10708.1,A,,TTG -> CTG,42.4%
T,3064767,3064767,1,sll0790 CDS,sensory transduction histidine kinase,159,C -> T,SNP (transition),None,T,57.6%,BAA10708.1,C,,GCG -> GCA,42.1%
G,3066047,3066047,1,sll0788 CDS,,161,A -> G,SNP (transition),Substitution,G,57.6%,BAA10710.1,A,I -> T,ATT -> ACT,42.4%
G,3064776,3064776,1,sll0790 CDS,sensory transduction histidine kinase,150,A -> G,SNP (transition),None,G,58.0%,BAA10708.1,A,,ACT -> ACC,42.0%
TAA,3064779,3064781,2,sll0790 CDS,sensory transduction histidine kinase,145,AAG -> TAA,Substitution,None,TAA,58.1%,BAA10708.1,AAG,,CTT -> TTA,
T,3064782,3064782,1,sll0790 CDS,sensory transduction histidine kinase,144,C -> T,SNP (transition),None,T,58.1%,BAA10708.1,C,,GAG -> GAA,41.9%
A,3065567,3065567,1,sll0789 CDS,OmpR subfamily,44,G -> A,SNP (transition),Substitution,A,58.4%,BAA10709.1,G,A -> V,GCG -> GTG,41.3%
C,3064725,3064725,1,sll0790 CDS,sensory transduction histidine kinase,201,T -> C,SNP (transition),None,C,58.5%,BAA10708.1,T,,CCA -> CCG,41.5%
C,3064707,3064707,1,sll0790 CDS,sensory transduction histidine kinase,219,T -> C,SNP (transition),None,C,58.6%,BAA10708.1,T,,TCA -> TCG,41.4%
A,3065821,3065821,1,sll0788 CDS,,387,C -> A,SNP (transversion),Substitution,A,59.0%,BAA10710.1,C,E -> D,GAG -> GAT,41.0%
G,3065347,3065347,1,sll0789 CDS,OmpR subfamily,264,A -> G,SNP (transition),None,G,59.1%,BAA10709.1,A,,GAT -> GAC,40.8%
T,3400336,3400336,1,sll1475 CDS,sensory transduction histidine kinase,15,A -> T,SNP (transversion),Substitution,T,59.1%,BAA18730.1,A,D -> E,GAT -> GAA,9.1%
A,3064854,3064854,1,sll0790 CDS,sensory transduction histidine kinase,72,T -> A,SNP (transversion),None,A,59.4%,BAA10708.1,T,,CTA -> CTT,40.6%
T,3064857,3064857,1,sll0790 CDS,sensory transduction histidine kinase,69,C -> T,SNP (transition),None,T,59.4%,BAA10708.1,C,,GGG -> GGA,40.6%
A,3063789,3063789,1,sll0790 CDS,sensory transduction histidine kinase,1137,G -> A,SNP (transition),None,A,60.1%,BAA10708.1,G,,GGC -> GGT,39.9%
C,1212079,1212079,1,sll1774 CDS,,342,T -> C,SNP (transition),None,C,60.3%,BAA17665.1,T,,TTA -> TTG,39.7%
G,1455375,1455375,1,slr1712 CDS,,474,A -> G,SNP (transition),None,G,60.3%,BAA17895.1,A,,GTA -> GTG,39.7%
AGTG,1200310,1200309,0,slr1862 CDS,,603,+AGTG,Insertion,Frame Shift,AGTG,60.6%,BAA17656.1,,,,
A,3064966,3064966,1,sll0789 CDS,OmpR subfamily,645,G -> A,SNP (transition),None,A,60.6%,BAA10709.1,G,,ACC -> ACT,39.4%
C,1455376,1455376,1,slr1712 CDS,,475,T -> C,SNP (transition),None,C,60.7%,BAA17895.1,T,,TTG -> CTG,39.3%
G,3065047,3065047,1,sll0789 CDS,OmpR subfamily,564,A -> G,SNP (transition),None,G,61.2%,BAA10709.1,A,,TCT -> TCC,38.8%
C,1455141,1455141,1,slr1712 CDS,,240,T -> C,SNP (transition),None,C,62.0%,BAA17895.1,T,,TAT -> TAC,38.0%
G,3065275,3065275,1,sll0789 CDS,OmpR subfamily,336,A -> G,SNP (transition),None,G,62.0%,BAA10709.1,A,,GCT -> GCC,38.0%
A,3065035,3065035,1,sll0789 CDS,OmpR subfamily,576,G -> A,SNP (transition),None,A,62.2%,BAA10709.1,G,,GTC -> GTT,37.8%
A,3065305,3065305,1,sll0789 CDS,OmpR subfamily,306,G -> A,SNP (transition),None,A,62.2%,BAA10709.1,G,,ATC -> ATT,37.8%
G,3065296,3065296,1,sll0789 CDS,OmpR subfamily,315,A -> G,SNP (transition),None,G,63.3%,BAA10709.1,A,,TTT -> TTC,36.7%
G,1212015,1212015,1,sll1774 CDS,,406,A -> G,SNP (transition),None,G,65.3%,BAA17665.1,A,,TTA -> CTA,34.8%
C,1212010,1212010,1,sll1774 CDS,,411,T -> C,SNP (transition),None,C,65.6%,BAA17665.1,T,,TTA -> TTG,34.4%
A,3401505,3401505,1,sll1473 CDS,,1397,G -> A,SNP (transition),Substitution,A,66.2%,BAA18732.1,G,A -> V,GCA -> GTA,32.5%
T,1211923,1211923,1,sll1774 CDS,,498,C -> T,SNP (transition),None,T,66.8%,BAA17665.1,C,,CGG -> CGA,33.2%
G,1455000,1455000,1,slr1712 CDS,,99,A -> G,SNP (transition),None,G,66.8%,BAA17895.1,A,,CCA -> CCG,33.2%
C,1455027,1455027,1,slr1712 CDS,,126,G -> C,SNP (transversion),None,C,71.0%,BAA17895.1,G,,CGG -> CGC,29.0%
C,1211827,1211827,1,sll1774 CDS,,594,T -> C,SNP (transition),None,C,72.0%,BAA17665.1,T,,AAA -> AAG,27.8%
C,1455073,1455073,1,slr1712 CDS,,172,T -> C,SNP (transition),None,C,72.5%,BAA17895.1,T,,TTG -> CTG,27.5%
C,1454955,1454955,1,slr1712 CDS,,54,T -> C,SNP (transition),None,C,73.5%,BAA17895.1,T,,GCT -> GCC,26.5%
G,1455039,1455039,1,slr1712 CDS,,138,A -> G,SNP (transition),None,G,74.3%,BAA17895.1,A,,CTA -> CTG,25.7%
G,1455159,1455159,1,slr1712 CDS,,258,A -> G,SNP (transition),None,G,77.0%,BAA17895.1,A,,AAA -> AAG,22.7%
A,1455309,1455309,1,slr1712 CDS,,408,G -> A,SNP (transition),None,A,77.9%,BAA17895.1,G,,TTG -> TTA,22.1%
,3260090,3260090,1,,,,(C)7 -> (C)6,Deletion (tandem repeat),,,81.3%,,C,,,
A,3400339,3400339,1,sll1475 CDS,sensory transduction histidine kinase,12,G -> A,SNP (transition),None,A,81.6%,BAA18730.1,G,,AAC -> AAT,13.2%
,2204576,2204576,1,gspF CDS,general secretion pathway protein F,420,(G)9 -> (G)8,Deletion (tandem repeat),Frame Shift,,83.4%,BAA18565.1,G,,,
,2204576,2204576,1,pilC CDS,pilin biogenesis protein,101,(G)9 -> (G)8,Deletion (tandem repeat),Frame Shift,,83.4%,BAA18566.1,G,,,
C,3096187,3096187,1,ssr1175 CDS,transposase,140,T -> C,SNP (transition),Substitution,C,84.7%,BAA10739.1,T,I -> T,ATA -> ACA,15.3%
G,1819782,1819782,1,psbA3 CDS,photosystem II D1 protein,216,A -> G,SNP (transition),None,G,88.5%,BAA18230.1,A,,CTT -> CTC,11.5%
G,1819788,1819788,1,psbA3 CDS,photosystem II D1 protein,210,A -> G,SNP (transition),None,G,88.7%,BAA18230.1,A,,TCT -> TCC,11.3%
C,2360246,2360245,0,slr0364 CDS,,8924,+C,Insertion,Frame Shift,C,90.9%,BAA10087.1,,,,
A,3110189,3110189,1,,,,G -> A,SNP (transition),,A,91.4%,,G,,,8.6%
,2409243,2409243,1,sll0762 CDS,,302,-C,Deletion,Frame Shift,,92.4%,BAA10127.1,C,,,
,2419398,2419398,1,sll0752 CDS,,1,-T,Deletion,Start Codon Loss,,93.3%,BAA10140.1,T,M -> ,ATG -> ,
,2419398,2419398,1,ycf22 CDS,,497,-T,Deletion,Frame Shift,,93.3%,BAA10141.1,T,,,
C,2544045,2544044,0,ssl0787 CDS,,280,+C,Insertion,Frame Shift,C,93.9%,BAA10245.1,,,,
A,2350286,2350285,0,,,,+A,Insertion,,A,94.5%,,,,,
A,1200306,1200306,1,slr1862 CDS,,599,C -> A,SNP (transversion),Substitution,A,98.6%,BAA17656.1,C,P -> Q,CCA -> CAA,1.4%
A,943495,943495,1,psaA CDS,P700 apoprotein subunit Ia,1810,G -> A,SNP (transition),Substitution,A,99.5%,BAA17437.1,G,V -> I,GTC -> ATC,0.5%
G,1364187,1364187,1,pyrF CDS,orotidine 5' monophosphate decarboxylase,346,A -> G,SNP (transition),None,G,99.6%,BAA17813.1,A,,TTG -> CTG,
G,488230,488230,1,slr1609 CDS,long-chain-fatty-acid CoA ligase,944,T -> G,SNP (transversion),Substitution,G,100.0%,BAA17024.1,T,F -> C,TTC -> TGC,
T,1012958,1012958,1,,,,G -> T,SNP (transversion),,T,100.0%,,G,,,
G,1944928,1944928,1,slr1174 CDS,,343,C -> G,SNP (transversion),Substitution,G,100.0%,BAA18350.1,C,R -> G,CGC -> GGC,
T,2092571,2092571,1,sll0422 CDS,asparaginase,938,A -> T,SNP (transversion),Truncation,T,100.0%,BAA18480.1,A,,,
C,2198893,2198893,1,sll0142 CDS,cation or drug efflux system protein,2067,T -> C,SNP (transition),None,C,100.0%,BAA18562.1,T,,TTA -> TTG,
G,2301721,2301721,1,slr0168 CDS,,1207,A -> G,SNP (transition),Substitution,G,100.0%,BAA10047.1,A,K -> E,AAG -> GAG,
A,2602717,2602717,1,slr0468 CDS,,246,C -> A,SNP (transversion),Substitution,A,100.0%,BAA10303.1,C,H -> Q,CAC -> CAA,
T,2748897,2748897,1,,,,C -> T,SNP (transition),,T,100.0%,,C,,,
