Name,Document Name,Minimum,Maximum,Length,Polymorphism Type,Variant Nucleotide(s),Type,Sequence,Max (original sequence),Min (original sequence),Sequence Name,Direction,Coverage,Strand-Bias,Variant Frequency,Variant Raw Frequency,Amino Acid Change,CDS,CDS Codon Number,CDS Interval,CDS Position,CDS Position Within Codon,Change,Codon Change,gene,GO_process,locus_tag,product,Protein Effect,protein_id,Reference Frequency,Reference Nucleotide(s)
,mvR10_Howe,527564,527566,3,Deletion,,Polymorphism,GAA,527566,527564,NZ_CP073017,none,53 -> 62,70.0%,16.1% -> 18.9%,10,E -> ,CHAT domain-containing protein CDS,1028,,3082,1,-GAA,GAA -> ,,,KBZ93_RS02465,CHAT domain-containing protein,Deletion,WP_247716603.1,,GAA
,mvR10_Howe,527567,527569,3,Deletion,,Polymorphism,CCC,527569,527567,NZ_CP073017,none,48 -> 50,70.0%,20.0% -> 20.8%,10,P -> ,CHAT domain-containing protein CDS,1029,,3085,1,-CCC,CCC -> ,,,KBZ93_RS02465,CHAT domain-containing protein,Deletion,WP_247716603.1,,CCC
,mvR10_Howe,3347685,3347685,1,Deletion (tandem repeat),,Polymorphism,A,3347685,3347685,NZ_CP073017,none,202,77.8%,40.1%,81,,acnB CDS,34,,102,3,(A)6 -> (A)5,,acnB,GO:0006099 - tricarboxylic acid cycle [Evidence IEA],KBZ93_RS15570,bifunctional aconitate hydratase 2/2-methylisocitrate dehydratase,Frame Shift,WP_010874171.1,,A
A,mvR10_Howe,285598,285598,1,SNP (transversion),A,Polymorphism,C,285598,285598,NZ_CP073017,none,439,71.3%,32.6%,143,V -> L,Rpn family recombination-promoting nuclease/putative transposase CDS,114,,340,1,C -> A,GTG -> TTG,,,KBZ93_RS01365,Rpn family recombination-promoting nuclease/putative transposase,Substitution,WP_010871467.1,67.4%,C
A,mvR10_Howe,1210540,1210540,1,SNP (transition),A,Polymorphism,G,1210540,1210540,NZ_CP073017,none,563,69.9%,55.4%,312,,,,,,,G -> A,,,,,,,,44.6%,G
A,mvR10_Howe,1210614,1210614,1,SNP (transition),A,Polymorphism,G,1210614,1210614,NZ_CP073017,none,891,67.8%,13.2%,118,A -> V,Rpn family recombination-promoting nuclease/putative transposase CDS,238,,713,2,G -> A,GCC -> GTC,,,KBZ93_RS05650,Rpn family recombination-promoting nuclease/putative transposase,Substitution,WP_010872295.1,86.8%,G
A,mvR10_Howe,1210721,1210721,1,SNP (transition),A,Polymorphism,G,1210721,1210721,NZ_CP073017,none,868,61.4%,59.7%,518,,Rpn family recombination-promoting nuclease/putative transposase CDS,202,,606,3,G -> A,GTC -> GTT,,,KBZ93_RS05650,Rpn family recombination-promoting nuclease/putative transposase,None,WP_010872295.1,40.3%,G
A,mvR10_Howe,1210982,1210982,1,SNP (transition),A,Polymorphism,G,1210982,1210982,NZ_CP073017,none,652,57.8%,62.6%,408,,Rpn family recombination-promoting nuclease/putative transposase CDS,115,,345,3,G -> A,CAC -> CAT,,,KBZ93_RS05650,Rpn family recombination-promoting nuclease/putative transposase,None,WP_010872295.1,37.4%,G
A,mvR10_Howe,1211030,1211030,1,SNP (transition),A,Polymorphism,G,1211030,1211030,NZ_CP073017,none,492,64.5%,31.5%,155,,Rpn family recombination-promoting nuclease/putative transposase CDS,99,,297,3,G -> A,AAC -> AAT,,,KBZ93_RS05650,Rpn family recombination-promoting nuclease/putative transposase,None,WP_010872295.1,68.5%,G
A,mvR10_Howe,1212691,1212691,1,SNP (transition),A,Polymorphism,G,1212691,1212691,NZ_CP073017,none,240,75.0%,10.0%,24,G -> R,hypothetical protein CDS,90,,268,1,G -> A,GGG -> AGG,,,KBZ93_RS05660,hypothetical protein,Substitution,WP_020861648.1,90.0%,G
A,mvR10_Howe,1212691,1212691,1,SNP (transition),A,Polymorphism,G,1212691,1212691,NZ_CP073017,none,240,75.0%,10.0%,24,P -> L,hypothetical protein CDS,48,,143,2,G -> A,CCC -> CTC,,,KBZ93_RS05665,hypothetical protein,Substitution,WP_158299073.1,90.0%,G
A,mvR10_Howe,1454067,1454067,1,SNP (transition),A,Polymorphism,G,1454067,1454067,NZ_CP073017,none,1214,64.6%,56.1%,681,,Rpn family recombination-promoting nuclease/putative transposase CDS,87,,261,3,G -> A,ACG -> ACA,,,KBZ93_RS06845,Rpn family recombination-promoting nuclease/putative transposase,None,WP_010872524.1,42.7%,G
A,mvR10_Howe,1535183,1535183,1,SNP (transversion),A,Polymorphism,T,1535183,1535183,NZ_CP073017,none,49,63.6%,22.4%,11,,,,,,,T -> A,,,,,,,,57.1%,T
A,mvR10_Howe,1536341,1536341,1,SNP (transversion),A,Polymorphism,C,1536341,1536341,NZ_CP073017,none,70,66.7%,12.9%,9,R -> L,M14 family metallopeptidase CDS,514,,1541,2,C -> A,CGT -> CTT,,,KBZ93_RS07220,M14 family metallopeptidase,Substitution,WP_247716608.1,54.3%,C
A,mvR10_Howe,1972670,1972670,1,SNP (transition),A,Polymorphism,G,1972670,1972670,NZ_CP073017,none,451,73.2%,56.3%,254,E -> K,transposase CDS,8,,22,1,G -> A,GAG -> AAG,,GO:0006313 - DNA transposition [Evidence IEA],KBZ93_RS09340,transposase,Substitution,WP_230401110.1,43.7%,G
A,mvR10_Howe,1972753,1972753,1,SNP (transition),A,Polymorphism,G,1972753,1972753,NZ_CP073017,none,494,72.9%,59.1%,292,,transposase CDS,35,,105,3,G -> A,AGG -> AGA,,GO:0006313 - DNA transposition [Evidence IEA],KBZ93_RS09340,transposase,None,WP_230401110.1,40.7%,G
A,mvR10_Howe,1972796,1972796,1,SNP (transition),A,Polymorphism,G,1972796,1972796,NZ_CP073017,none,490,76.7%,62.2%,305,G -> R,transposase CDS,50,,148,1,G -> A,GGA -> AGA,,GO:0006313 - DNA transposition [Evidence IEA],KBZ93_RS09340,transposase,Substitution,WP_230401110.1,37.8%,G
A,mvR10_Howe,1973048,1973048,1,SNP (transition),A,Polymorphism,G,1973048,1973048,NZ_CP073017,none,369,52.6%,42.3%,156,V -> I,transposase CDS,134,,400,1,G -> A,GTT -> ATT,,GO:0006313 - DNA transposition [Evidence IEA],KBZ93_RS09340,transposase,Substitution,WP_230401110.1,57.7%,G
A,mvR10_Howe,1973084,1973084,1,SNP (transition),A,Polymorphism,G,1973084,1973084,NZ_CP073017,none,363,55.0%,41.0%,149,D -> N,transposase CDS,146,,436,1,G -> A,GAT -> AAT,,GO:0006313 - DNA transposition [Evidence IEA],KBZ93_RS09340,transposase,Substitution,WP_230401110.1,59.0%,G
A,mvR10_Howe,2920601,2920601,1,SNP (transition),A,Polymorphism,G,2920601,2920601,NZ_CP073017,none,311,67.5%,36.7%,114,,IS5 family transposase CDS,16,,47,2,G -> A,,,,KBZ93_RS13675,IS5 family transposase,Truncation,WP_010873815.1,63.3%,G
A,mvR10_Howe,2996771,2996771,1,SNP (transition),A,Polymorphism,G,2996771,2996771,NZ_CP073017,none,370,60.5%,54.1%,200,P -> S,transposase CDS,69,,205,1,G -> A,CCG -> TCG,,,KBZ93_RS18685,transposase,Substitution,WP_010873882.1,45.9%,G
A,mvR10_Howe,2997416,2997416,1,SNP (transition),A,Polymorphism,G,2997416,2997416,NZ_CP073017,none,387,74.6%,17.3%,67,,IS701 family transposase CDS,135,,405,3,G -> A,GCC -> GCT,,,KBZ93_RS18690,IS701 family transposase,None,WP_010873883.1,82.7%,G
A,mvR10_Howe,2997595,2997595,1,SNP (transition),A,Polymorphism,G,2997595,2997595,NZ_CP073017,none,375,52.9%,40.8%,153,,IS701 family transposase CDS,76,,226,1,G -> A,CTA -> TTA,,,KBZ93_RS18690,IS701 family transposase,None,WP_010873883.1,59.2%,G
A,mvR10_Howe,2997606,2997606,1,SNP (transition),A,Polymorphism,G,2997606,2997606,NZ_CP073017,none,374,54.0%,13.4%,50,S -> F,IS701 family transposase CDS,72,,215,2,G -> A,TCT -> TTT,,,KBZ93_RS18690,IS701 family transposase,Substitution,WP_010873883.1,86.6%,G
A,mvR10_Howe,3047288,3047288,1,SNP (transition),A,Polymorphism,G,3047288,3047288,NZ_CP073017,none,229,61.3%,13.5%,31,,,,,,,G -> A,,,,,,,,86.5%,G
A,mvR10_Howe,3047485,3047485,1,SNP (transition),A,Polymorphism,G,3047485,3047485,NZ_CP073017,none,202,50.0%,12.9%,26,,UmuC protein CDS,64,,192,3,G -> A,ACG -> ACA,,,KBZ93_RS14260,UmuC protein,None,WP_020862003.1,87.1%,G
A,mvR10_Howe,3063643,3063643,1,SNP (transition),A,Polymorphism,G,3063643,3063643,NZ_CP073017,none,674,75.5%,28.5%,192,,rppB CDS,60,,178,1,G -> A,CTG -> TTG,rppB,,KBZ93_RS14320,two-component system sensor histidine kinase RppB,None,WP_010873935.1,71.5%,G
A,mvR10_Howe,3063656,3063656,1,SNP (transition),A,Polymorphism,G,3063656,3063656,NZ_CP073017,none,661,74.0%,27.4%,181,,rppB CDS,55,,165,3,G -> A,ACC -> ACT,rppB,,KBZ93_RS14320,two-component system sensor histidine kinase RppB,None,WP_010873935.1,72.6%,G
A,mvR10_Howe,3063671,3063671,1,SNP (transition),A,Polymorphism,G,3063671,3063671,NZ_CP073017,none,677,74.0%,25.6%,173,,rppB CDS,50,,150,3,G -> A,ACC -> ACT,rppB,,KBZ93_RS14320,two-component system sensor histidine kinase RppB,None,WP_010873935.1,74.4%,G
A,mvR10_Howe,3064014,3064014,1,SNP (transition),A,Polymorphism,G,3064014,3064014,NZ_CP073017,none,342,68.0%,51.2%,175,,rppA CDS,164,,492,3,G -> A,TTC -> TTT,rppA,GO:0006355 - regulation of DNA-templated transcription [Evidence IEA],KBZ93_RS14325,two-component system response regulator RppA,None,WP_010873936.1,48.8%,G
A,mvR10_Howe,3064017,3064017,1,SNP (transition),A,Polymorphism,G,3064017,3064017,NZ_CP073017,none,332,68.3%,50.3%,167,,rppA CDS,163,,489,3,G -> A,TAC -> TAT,rppA,GO:0006355 - regulation of DNA-templated transcription [Evidence IEA],KBZ93_RS14325,two-component system response regulator RppA,None,WP_010873936.1,49.7%,G
A,mvR10_Howe,3064032,3064032,1,SNP (transition),A,Polymorphism,G,3064032,3064032,NZ_CP073017,none,270,72.8%,34.1%,92,,rppA CDS,158,,474,3,G -> A,TTC -> TTT,rppA,GO:0006355 - regulation of DNA-templated transcription [Evidence IEA],KBZ93_RS14325,two-component system response regulator RppA,None,WP_010873936.1,65.9%,G
A,mvR10_Howe,3064041,3064041,1,SNP (transition),A,Polymorphism,G,3064041,3064041,NZ_CP073017,none,220,68.6%,23.2%,51,,rppA CDS,155,,465,3,G -> A,GCC -> GCT,rppA,GO:0006355 - regulation of DNA-templated transcription [Evidence IEA],KBZ93_RS14325,two-component system response regulator RppA,None,WP_010873936.1,76.8%,G
A,mvR10_Howe,3064065,3064065,1,SNP (transversion),A,Polymorphism,C,3064065,3064065,NZ_CP073017,none,226,75.8%,27.4%,62,E -> D,rppA CDS,147,,441,3,C -> A,GAG -> GAT,rppA,GO:0006355 - regulation of DNA-templated transcription [Evidence IEA],KBZ93_RS14325,two-component system response regulator RppA,Substitution,WP_010873936.1,72.6%,C
A,mvR10_Howe,3064081,3064081,1,SNP (transition),A,Polymorphism,G,3064081,3064081,NZ_CP073017,none,273,77.6%,35.9%,98,A -> V,rppA CDS,142,,425,2,G -> A,GCG -> GTG,rppA,GO:0006355 - regulation of DNA-templated transcription [Evidence IEA],KBZ93_RS14325,two-component system response regulator RppA,Substitution,WP_010873936.1,64.1%,G
A,mvR10_Howe,3064200,3064200,1,SNP (transition),A,Polymorphism,G,3064200,3064200,NZ_CP073017,none,641,71.9%,69.9%,448,,rppA CDS,102,,306,3,G -> A,ATC -> ATT,rppA,GO:0006355 - regulation of DNA-templated transcription [Evidence IEA],KBZ93_RS14325,two-component system response regulator RppA,None,WP_010873936.1,30.0%,G
A,mvR10_Howe,3064377,3064377,1,SNP (transition),A,Polymorphism,G,3064377,3064377,NZ_CP073017,none,630,74.3%,66.7%,420,,rppA CDS,43,,129,3,G -> A,GGC -> GGT,rppA,GO:0006355 - regulation of DNA-templated transcription [Evidence IEA],KBZ93_RS14325,two-component system response regulator RppA,None,WP_010873936.1,33.3%,G
A,mvR10_Howe,3065178,3065178,1,SNP (transversion),A,Polymorphism,T,3065178,3065178,NZ_CP073017,none,224,52.2%,10.3%,23,,,,,,,T -> A,,,,,,,,89.7%,T
A,mvR10_Howe,3065179,3065179,1,SNP (transversion),A,Polymorphism,C,3065179,3065179,NZ_CP073017,none,222,52.2%,10.4%,23,,,,,,,C -> A,,,,,,,,82.9%,C
A,mvR10_Howe,3347614,3347614,1,SNP (transition),A,Polymorphism,G,3347614,3347614,NZ_CP073017,none,341,51.0%,43.1%,147,D -> N,acnB CDS,11,,31,1,G -> A,GAT -> AAT,acnB,GO:0006099 - tricarboxylic acid cycle [Evidence IEA],KBZ93_RS15570,bifunctional aconitate hydratase 2/2-methylisocitrate dehydratase,Substitution,WP_010874171.1,56.9%,G
A,mvR10_Howe,3347712,3347712,1,SNP (transition),A,Polymorphism,G,3347712,3347712,NZ_CP073017,none,219,73.9%,31.5%,69,,acnB CDS,43,,129,3,G -> A,GAG -> GAA,acnB,GO:0006099 - tricarboxylic acid cycle [Evidence IEA],KBZ93_RS15570,bifunctional aconitate hydratase 2/2-methylisocitrate dehydratase,None,WP_010874171.1,68.5%,G
AAG,mvR10_Howe,3062516,3062518,2,Substitution,AAG,Polymorphism,TA,3062518,3062516,NZ_CP073017,none,204 -> 209,77.8% -> 79.2%,11.8% -> 12.9%,24 -> 27,,rppB CDS,435,,1303,1,TAA -> AAG,TTA -> CTT,rppB,,KBZ93_RS14320,two-component system sensor histidine kinase RppB,None,WP_010873935.1,,TAA
AAG,mvR10_Howe,3063674,3063676,2,Substitution,AAG,Polymorphism,TA,3063676,3063674,NZ_CP073017,none,681 -> 686,74.3% -> 75.0%,26.2% -> 26.9%,180 -> 183,,rppB CDS,49,,145,1,TAA -> AAG,TTA -> CTT,rppB,,KBZ93_RS14320,two-component system sensor histidine kinase RppB,None,WP_010873935.1,,TAA
AAGAATTAACGGCG,mvR10_Howe,5,4,0,Insertion,AAGAATTAACGGCG,Polymorphism,--------------,5,5,NZ_CP073017,none,42,63.2% -> 72.4%,11.9%,5,,sds CDS,69,2,205,1,+AAGAATTAACGGCG,,sds,GO:0010236 - plastoquinone biosynthetic process [Evidence IEA],KBZ93_RS00005,solanesyl diphosphate synthase,Truncation,WP_010871207.1,,
AC,mvR10_Howe,3,4,2,Substitution,AC,Polymorphism,C-----------------G,4,3,NZ_CP073017,none,38 -> 42,66.7%,9.5% -> 10.5%,4,A -> D,sds CDS,68,2,203,2,CG -> AC,GCG -> GAC,sds,GO:0010236 - plastoquinone biosynthetic process [Evidence IEA],KBZ93_RS00005,solanesyl diphosphate synthase,Substitution,WP_010871207.1,,CG
ACC,mvR10_Howe,2,4,2,Substitution,ACC,Polymorphism,GG,4,2,NZ_CP073017,none,37 -> 42,66.7%,11.9% -> 13.5%,5,A -> T,sds CDS,68,2,202,1,GCG -> ACC,GCG -> ACC,sds,GO:0010236 - plastoquinone biosynthetic process [Evidence IEA],KBZ93_RS00005,solanesyl diphosphate synthase,Substitution,WP_010871207.1,,GCG
ACG,mvR10_Howe,1,3571181,3,Substitution,ACG,Polymorphism,GAC,3571181,1,NZ_CP073017,none,11 -> 32,60.0% -> 100.0%,18.8% -> 46.9%,3 -> 15,,sds CDS,67,"1,2",201,3,GAC -> ACG,"ACG,GCG,CGC,CAT,CGC,CGG,CTG,GCG,GAA,ATT,ACC,GAA,ATG,ATC,CAC,ACC,GCT,AGT,TTG,GTC,CAC,GAT,GAC,GTG,GTG,GAT,GAG,GCG,GAT,CTG,CGG,CGG,AAT,GTG,CCC,ACG,GTG,AAT,AGT,TTA,TTT,GAC,AAT,CGG,GTG,GCA,GTG,TTA,GCG,GGG,GAT,TTC,CTC,TTT,GCC,CAA,TCT,TCT,TGG,TAT,TTG,GCT,AAC,TTA,GAT,AAT,TTG,GAG,GTG,GTG,AAA,TTA,TTA,TCG,GAG,GTA,ATT,CGG,GAC,TTT,GCG,GAG,GGG,GAA,ATT,TTA,CAG,AGC,ATC,AAT,CGT,TTT,GAC,ACC,GAC,ACA,GAT,TTA,GAA,ACC,TAT,TTG,GAA,AAA,AGC,TAT,TTT,AAA,ACC,GCC,TCT,CTC,ATT,GCC,AAC,AGT,GCC,AAG,GCA,GCG,GGG,GTT,TTG,AGC,GAT,GCG,CCC,CGG,GAT,GTG,TGT,GAT,CAT,CTT,TAC,GAA,TAT,GGT,AAA,CAT,TTG,GGG,TTA,GCG,TTC,CAG,ATT,GTG,GAC,GAT,ATT,TTA,GAT,TTC,ACT,TCC,CCC,ACG,GAG,GTT,TTG,GGG,AAA,CCG,GCC,GGG,TCA,GAT,TTA,ATC,AGC,GGC,AAC,ATC,ACC,GCC,CCA,GCC,CTA,TTT,GCC,ATG,GAA,AAA,TAT,CCC,CTA,CTT,GGT,AAA,TTA,ATT,GAA,CGG,GAA,TTT,GCC,CAG,GCG,GGG,GAT,TTG,GAA,CAG,GCC,CTG,GAA,TTG,GTA,GAA,CAG,GGG,GAT,GGT,ATC,CGG,CGA,TCA,AGG,GAA,TTG,GCC,GCG,AAC,CAA,GCG,CAA,CTG,GCC,CGG,CAA,CAT,CTG,AGT,GTG,CTG,GAA,ATG,TCC,GCT,CCG,AGA,GAA,TCT,CTG,TTG,GAA,TTA,GTT,GAT,TAT,GTG,CTT,GGT,CGT,CTC,CAT,TAG -> ACG,GCG,CGC,CAT,CGC,CGG,CTG,GCG,GAA,ATT,ACC,GAA,ATG,ATC,CAC,ACC,GCT,AGT,TTG,GTC,CAC,GAT,GAC,GTG,GTG,GAT,GAG,GCG,GAT,CTG,CGG,CGG,AAT,GTG,CCC,ACG,GTG,AAT,AGT,TTA,TTT,GAC,AAT,CGG,GTG,GCA,GTG,TTA,GCG,GGG,GAT,TTC,CTC,TTT,GCC,CAA,TCT,TCT,TGG,TAT,TTG,GCT,AAC,TTA,GAT,AAT,TTG,GAG,GTG,GTG,AAA,TTA,TTA,TCG,GAG,GTA,ATT,CGG,GAC,TTT,GCG,GAG,GGG,GAA,ATT,TTA,CAG,AGC,ATC,AAT,CGT,TTT,GAC,ACC,GAC,ACA,GAT,TTA,GAA,ACC,TAT,TTG,GAA,AAA,AGC,TAT,TTT,AAA,ACC,GCC,TCT,CTC,ATT,GCC,AAC,AGT,GCC,AAG,GCA,GCG,GGG,GTT,TTG,AGC,GAT,GCG,CCC,CGG,GAT,GTG,TGT,GAT,CAT,CTT,TAC,GAA,TAT,GGT,AAA,CAT,TTG,GGG,TTA,GCG,TTC,CAG,ATT,GTG,GAC,GAT,ATT,TTA,GAT,TTC,ACT,TCC,CCC,ACG,GAG,GTT,TTG,GGG,AAA,CCG,GCC,GGG,TCA,GAT,TTA,ATC,AGC,GGC,AAC,ATC,ACC,GCC,CCA,GCC,CTA,TTT,GCC,ATG,GAA,AAA,TAT,CCC,CTA,CTT,GGT,AAA,TTA,ATT,GAA,CGG,GAA,TTT,GCC,CAG,GCG,GGG,GAT,TTG,GAA,CAG,GCC,CTG,GAA,TTG,GTA,GAA,CAG,GGG,GAT,GGT,ATC,CGG,CGA,TCA,AGG,GAA,TTG,GCC,GCG,AAC,CAA,GCG,CAA,CTG,GCC,CGG,CAA,CAT,CTG,AGT,GTG,CTG,GAA,ATG,TCC,GCT,CCG,AGA,GAA,TCT,CTG,TTG,GAA,TTA,GTT,GAT,TAT,GTG,CTT,GGT,CGT,CTC,CAT,TAG",sds,GO:0010236 - plastoquinone biosynthetic process [Evidence IEA],KBZ93_RS00005,solanesyl diphosphate synthase,None,WP_010871207.1,,GAC
ACGGCG,mvR10_Howe,5,4,0,Insertion,ACGGCG,Polymorphism,------,5,5,NZ_CP073017,none,42,68.0% -> 72.4%,14.3%,6, -> TA,sds CDS,69,2,205,1,+ACGGCG," -> ACG,GCG",sds,GO:0010236 - plastoquinone biosynthetic process [Evidence IEA],KBZ93_RS00005,solanesyl diphosphate synthase,Insertion,WP_010871207.1,,
AGAT,mvR10_Howe,1536344,1536343,0,Insertion,AGAT,Polymorphism,----,1536344,1536344,NZ_CP073017,none,70,68.2%,31.4%,22,,M14 family metallopeptidase CDS,513,,1539,3,+AGAT,,,,KBZ93_RS07220,M14 family metallopeptidase,Frame Shift,WP_247716608.1,,
AGAT,mvR10_Howe,2997176,2997178,1,Insertion,AGAT,Polymorphism,G-,2997179,2997176,NZ_CP073017,none,277 -> 311,83.6% -> 84.7%,15.1% -> 17.0%,47,,IS701 family transposase CDS,215,,643,1,GGA -> AGAT,,,,KBZ93_RS18690,IS701 family transposase,Frame Shift,WP_010873883.1,,GGA
C,mvR10_Howe,152651,152650,0,Insertion (tandem repeat),C,Polymorphism,-,152651,152651,NZ_CP073017,none,195,69.9%,95.4%,186,M -> G,transporter substrate-binding domain-containing protein CDS,1,,2,2,(C)3 -> (C)4,GTG -> GGT,,,KBZ93_RS18780,transporter substrate-binding domain-containing protein,Start Codon Loss,WP_256444143.1,,
C,mvR10_Howe,152651,152650,0,Insertion (tandem repeat),C,Polymorphism,-,152651,152651,NZ_CP073017,none,195,69.9%,95.4%,186,,transporter substrate-binding domain-containing protein CDS,134,,400,1,(C)3 -> (C)4,,,,KBZ93_RS18785,transporter substrate-binding domain-containing protein,Frame Shift,WP_256444144.1,,
C,mvR10_Howe,285610,285610,1,SNP (transversion),C,Polymorphism,A,285610,285610,NZ_CP073017,none,458,72.0%,53.7%,246,L -> V,Rpn family recombination-promoting nuclease/putative transposase CDS,110,,328,1,A -> C,TTG -> GTG,,,KBZ93_RS01365,Rpn family recombination-promoting nuclease/putative transposase,Substitution,WP_010871467.1,46.3%,A
C,mvR10_Howe,1210733,1210733,1,SNP (transition),C,Polymorphism,T,1210733,1210733,NZ_CP073017,none,883,63.2%,76.9%,679,,Rpn family recombination-promoting nuclease/putative transposase CDS,198,,594,3,T -> C,AAA -> AAG,,,KBZ93_RS05650,Rpn family recombination-promoting nuclease/putative transposase,None,WP_010872295.1,23.1%,T
C,mvR10_Howe,1210847,1210847,1,SNP (transition),C,Polymorphism,T,1210847,1210847,NZ_CP073017,none,772,66.1%,40.9%,316,,Rpn family recombination-promoting nuclease/putative transposase CDS,160,,480,3,T -> C,GAA -> GAG,,,KBZ93_RS05650,Rpn family recombination-promoting nuclease/putative transposase,None,WP_010872295.1,59.1%,T
C,mvR10_Howe,1210916,1210916,1,SNP (transition),C,Polymorphism,T,1210916,1210916,NZ_CP073017,none,748,54.8%,69.8%,522,,Rpn family recombination-promoting nuclease/putative transposase CDS,137,,411,3,T -> C,TTA -> TTG,,,KBZ93_RS05650,Rpn family recombination-promoting nuclease/putative transposase,None,WP_010872295.1,30.2%,T
C,mvR10_Howe,1210985,1210985,1,SNP (transition),C,Polymorphism,T,1210985,1210985,NZ_CP073017,none,639,57.8%,67.9%,434,,Rpn family recombination-promoting nuclease/putative transposase CDS,114,,342,3,T -> C,TTA -> TTG,,,KBZ93_RS05650,Rpn family recombination-promoting nuclease/putative transposase,None,WP_010872295.1,32.1%,T
C,mvR10_Howe,1272679,1272679,1,SNP (transversion),C,Polymorphism,A,1272679,1272679,NZ_CP073017,none,134,82.4%,12.7%,17,E -> D,hypothetical protein CDS,122,,366,3,A -> C,GAA -> GAC,,,KBZ93_RS05990,hypothetical protein,Substitution,WP_010872357.1,87.3%,A
C,mvR10_Howe,1425609,1425608,0,Insertion,C,Polymorphism,-,1425609,1425609,NZ_CP073017,none,164,73.4%,96.3%,158,,hypothetical protein CDS,317,,949,1,+C,,,,KBZ93_RS18550,hypothetical protein,Frame Shift,WP_247716607.1,,
C,mvR10_Howe,1453932,1453932,1,SNP (transversion),C,Polymorphism,G,1453932,1453932,NZ_CP073017,none,1434,65.9%,78.0%,1118,,Rpn family recombination-promoting nuclease/putative transposase CDS,42,,126,3,G -> C,CGG -> CGC,,,KBZ93_RS06845,Rpn family recombination-promoting nuclease/putative transposase,None,WP_010872524.1,22.0%,G
C,mvR10_Howe,1453978,1453978,1,SNP (transition),C,Polymorphism,T,1453978,1453978,NZ_CP073017,none,1362,63.0%,77.8%,1059,,Rpn family recombination-promoting nuclease/putative transposase CDS,58,,172,1,T -> C,TTG -> CTG,,,KBZ93_RS06845,Rpn family recombination-promoting nuclease/putative transposase,None,WP_010872524.1,22.2%,T
C,mvR10_Howe,1454046,1454046,1,SNP (transition),C,Polymorphism,T,1454046,1454046,NZ_CP073017,none,1211,64.3%,66.3%,803,,Rpn family recombination-promoting nuclease/putative transposase CDS,80,,240,3,T -> C,TAT -> TAC,,,KBZ93_RS06845,Rpn family recombination-promoting nuclease/putative transposase,None,WP_010872524.1,33.7%,T
C,mvR10_Howe,1454109,1454109,1,SNP (transition),C,Polymorphism,T,1454109,1454109,NZ_CP073017,none,1180,65.7%,73.0%,861,,Rpn family recombination-promoting nuclease/putative transposase CDS,101,,303,3,T -> C,GAT -> GAC,,,KBZ93_RS06845,Rpn family recombination-promoting nuclease/putative transposase,None,WP_010872524.1,27.0%,T
C,mvR10_Howe,1454205,1454205,1,SNP (transition),C,Polymorphism,T,1454205,1454205,NZ_CP073017,none,1307,66.4%,70.2%,918,,Rpn family recombination-promoting nuclease/putative transposase CDS,133,,399,3,T -> C,AGT -> AGC,,,KBZ93_RS06845,Rpn family recombination-promoting nuclease/putative transposase,None,WP_010872524.1,29.8%,T
C,mvR10_Howe,1454281,1454281,1,SNP (transition),C,Polymorphism,T,1454281,1454281,NZ_CP073017,none,1183,66.2%,65.0%,769,,Rpn family recombination-promoting nuclease/putative transposase CDS,159,,475,1,T -> C,TTG -> CTG,,,KBZ93_RS06845,Rpn family recombination-promoting nuclease/putative transposase,None,WP_010872524.1,35.0%,T
C,mvR10_Howe,1510416,1510416,1,SNP (transversion),C,Polymorphism,G,1510416,1510416,NZ_CP073017,none,158,69.4%,84.8%,134,A -> P,hypothetical protein CDS,99,,295,1,G -> C,GCA -> CCA,,,KBZ93_RS07080,hypothetical protein,Substitution,WP_010872567.1,14.6%,G
C,mvR10_Howe,1535176,1535175,0,Insertion,C,Polymorphism,-,1535176,1535176,NZ_CP073017,none,65,66.7%,32.3%,21,,,,,,,+C,,,,,,,,,
C,mvR10_Howe,1535176,1535175,0,Insertion,C,Polymorphism,-,1535176,1535176,NZ_CP073017,none,65,62.5%,36.9%,24,,,,,,,+C,,,,,,,,,
C,mvR10_Howe,1535176,1535176,1,SNP (transversion),C,Polymorphism,A,1535176,1535176,NZ_CP073017,none,66,68.6%,53.0%,35,,,,,,,A -> C,,,,,,,,42.4%,A
C,mvR10_Howe,1535177,1535177,1,SNP (transversion),C,Polymorphism,G,1535177,1535177,NZ_CP073017,none,65,63.9%,55.4%,36,,,,,,,G -> C,,,,,,,,44.6%,G
C,mvR10_Howe,1535180,1535180,1,SNP (transversion),C,Polymorphism,G,1535180,1535180,NZ_CP073017,none,59,50.0%,16.9%,10,,,,,,,G -> C,,,,,,,,71.2%,G
C,mvR10_Howe,1536334,1536334,1,SNP (transversion),C,Polymorphism,G,1536334,1536334,NZ_CP073017,none,65,58.3%,18.5%,12,,,,,,,G -> C,,,,,,,,80.0%,G
C,mvR10_Howe,1972460,1972460,1,SNP (transition),C,Polymorphism,T,1972460,1972460,NZ_CP073017,none,513,76.9%,15.2%,78,,IS701 family transposase CDS,104,,312,3,T -> C,GCT -> GCC,,,KBZ93_RS09335,IS701 family transposase,None,WP_071822654.1,84.8%,T
C,mvR10_Howe,1972502,1972502,1,SNP (transition),C,Polymorphism,T,1972502,1972502,NZ_CP073017,none,462,72.6%,71.0%,328,,IS701 family transposase CDS,118,,354,3,T -> C,AGT -> AGC,,,KBZ93_RS09335,IS701 family transposase,None,WP_071822654.1,29.0%,T
C,mvR10_Howe,1972694,1972694,1,SNP (transversion),C,Polymorphism,G,1972694,1972694,NZ_CP073017,none,466,76.8%,58.4%,272,V -> L,transposase CDS,16,,46,1,G -> C,GTA -> CTA,,GO:0006313 - DNA transposition [Evidence IEA],KBZ93_RS09340,transposase,Substitution,WP_230401110.1,41.6%,G
C,mvR10_Howe,1972815,1972815,1,SNP (transition),C,Polymorphism,T,1972815,1972815,NZ_CP073017,none,471,75.6%,60.9%,287,V -> A,transposase CDS,56,,167,2,T -> C,GTA -> GCA,,GO:0006313 - DNA transposition [Evidence IEA],KBZ93_RS09340,transposase,Substitution,WP_230401110.1,39.1%,T
C,mvR10_Howe,1973044,1973044,1,SNP (transition),C,Polymorphism,T,1973044,1973044,NZ_CP073017,none,363,53.6%,41.6%,151,,transposase CDS,132,,396,3,T -> C,GCT -> GCC,,GO:0006313 - DNA transposition [Evidence IEA],KBZ93_RS09340,transposase,None,WP_230401110.1,58.4%,T
C,mvR10_Howe,2633904,2633904,1,SNP (transversion),C,Polymorphism,A,2633904,2633904,NZ_CP073017,none,180,67.2%,100.0%,180,V -> G,sigma-70 family RNA polymerase sigma factor CDS,70,,209,2,A -> C,GTG -> GGG,,GO:0006352 - DNA-templated transcription initiation [Evidence IEA]; GO:0006355 - regulation of DNA-templated transcription [Evidence IEA],KBZ93_RS12345,sigma-70 family RNA polymerase sigma factor,Substitution,WP_215849829.1,,A
C,mvR10_Howe,2996707,2996707,1,SNP (transition),C,Polymorphism,T,2996707,2996707,NZ_CP073017,none,484,61.0%,62.0%,300,,transposase CDS,90,,269,2,T -> C,,,,KBZ93_RS18685,transposase,Extension,WP_010873882.1,38.0%,T
C,mvR10_Howe,2997648,2997648,1,SNP (transition),C,Polymorphism,T,2997648,2997648,NZ_CP073017,none,329,56.0%,27.7%,91,E -> G,IS701 family transposase CDS,58,,173,2,T -> C,GAA -> GGA,,,KBZ93_RS18690,IS701 family transposase,Substitution,WP_010873883.1,72.3%,T
C,mvR10_Howe,2997698,2997698,1,SNP (transition),C,Polymorphism,T,2997698,2997698,NZ_CP073017,none,311,59.0%,25.1%,78,I -> M,IS701 family transposase CDS,41,,123,3,T -> C,ATA -> ATG,,,KBZ93_RS18690,IS701 family transposase,Substitution,WP_010873883.1,74.9%,T
C,mvR10_Howe,2997831,2997831,1,SNP (transversion),C,Polymorphism,G,2997831,2997831,NZ_CP073017,none,212,63.0%,12.7%,27,,,,,,,G -> C,,,,,,,,87.3%,G
C,mvR10_Howe,3062528,3062528,1,SNP (transversion),C,Polymorphism,A,3062528,3062528,NZ_CP073017,none,239,68.6%,21.3%,51,,rppB CDS,431,,1293,3,A -> C,GGT -> GGG,rppB,,KBZ93_RS14320,two-component system sensor histidine kinase RppB,None,WP_010873935.1,78.7%,A
C,mvR10_Howe,3062543,3062543,1,SNP (transition),C,Polymorphism,T,3062543,3062543,NZ_CP073017,none,289,71.6%,35.3%,102,,rppB CDS,426,,1278,3,T -> C,GTA -> GTG,rppB,,KBZ93_RS14320,two-component system sensor histidine kinase RppB,None,WP_010873935.1,64.7%,T
C,mvR10_Howe,3062546,3062546,1,SNP (transversion),C,Polymorphism,A,3062546,3062546,NZ_CP073017,none,294,72.6%,36.1%,106,,rppB CDS,425,,1275,3,A -> C,ACT -> ACG,rppB,,KBZ93_RS14320,two-component system sensor histidine kinase RppB,None,WP_010873935.1,63.9%,A
C,mvR10_Howe,3062555,3062555,1,SNP (transversion),C,Polymorphism,A,3062555,3062555,NZ_CP073017,none,343,70.9%,39.1%,134,,rppB CDS,422,,1266,3,A -> C,GGT -> GGG,rppB,,KBZ93_RS14320,two-component system sensor histidine kinase RppB,None,WP_010873935.1,60.9%,A
C,mvR10_Howe,3063659,3063659,1,SNP (transition),C,Polymorphism,T,3063659,3063659,NZ_CP073017,none,657,74.2%,27.1%,178,,rppB CDS,54,,162,3,T -> C,GGA -> GGG,rppB,,KBZ93_RS14320,two-component system sensor histidine kinase RppB,None,WP_010873935.1,72.9%,T
C,mvR10_Howe,3063662,3063662,1,SNP (transition),C,Polymorphism,T,3063662,3063662,NZ_CP073017,none,661,74.4%,26.6%,176,,rppB CDS,53,,159,3,T -> C,GCA -> GCG,rppB,,KBZ93_RS14320,two-component system sensor histidine kinase RppB,None,WP_010873935.1,73.4%,T
C,mvR10_Howe,3063677,3063677,1,SNP (transition),C,Polymorphism,T,3063677,3063677,NZ_CP073017,none,679,74.7%,26.8%,182,,rppB CDS,48,,144,3,T -> C,GAA -> GAG,rppB,,KBZ93_RS14320,two-component system sensor histidine kinase RppB,None,WP_010873935.1,72.8%,T
C,mvR10_Howe,3064008,3064008,1,SNP (transition),C,Polymorphism,T,3064008,3064008,NZ_CP073017,none,374,67.5%,54.3%,203,,rppA CDS,166,,498,3,T -> C,AAA -> AAG,rppA,GO:0006355 - regulation of DNA-templated transcription [Evidence IEA],KBZ93_RS14325,two-component system response regulator RppA,None,WP_010873936.1,45.7%,T
C,mvR10_Howe,3064044,3064044,1,SNP (transition),C,Polymorphism,T,3064044,3064044,NZ_CP073017,none,194,73.3%,15.5%,30,,rppA CDS,154,,462,3,T -> C,ACA -> ACG,rppA,GO:0006355 - regulation of DNA-templated transcription [Evidence IEA],KBZ93_RS14325,two-component system response regulator RppA,None,WP_010873936.1,84.5%,T
C,mvR10_Howe,3064071,3064071,1,SNP (transversion),C,Polymorphism,G,3064071,3064071,NZ_CP073017,none,239,76.7%,30.5%,73,,rppA CDS,145,,435,3,G -> C,ACC -> ACG,rppA,GO:0006355 - regulation of DNA-templated transcription [Evidence IEA],KBZ93_RS14325,two-component system response regulator RppA,None,WP_010873936.1,69.5%,G
C,mvR10_Howe,3064326,3064326,1,SNP (transition),C,Polymorphism,T,3064326,3064326,NZ_CP073017,none,630,68.2%,71.4%,450,,rppA CDS,60,,180,3,T -> C,TCA -> TCG,rppA,GO:0006355 - regulation of DNA-templated transcription [Evidence IEA],KBZ93_RS14325,two-component system response regulator RppA,None,WP_010873936.1,28.6%,T
C,mvR10_Howe,3064362,3064362,1,SNP (transversion),C,Polymorphism,G,3064362,3064362,NZ_CP073017,none,590,69.9%,65.4%,386,,rppA CDS,48,,144,3,G -> C,ACC -> ACG,rppA,GO:0006355 - regulation of DNA-templated transcription [Evidence IEA],KBZ93_RS14325,two-component system response regulator RppA,None,WP_010873936.1,34.6%,G
C,mvR10_Howe,3064716,3064716,1,SNP (transversion),C,Polymorphism,A,3064716,3064716,NZ_CP073017,none,720,65.4%,28.9%,208,D -> E,DUF305 domain-containing protein CDS,129,,387,3,A -> C,GAT -> GAG,,,KBZ93_RS14330,DUF305 domain-containing protein,Substitution,WP_215849831.1,71.1%,A
C,mvR10_Howe,3065185,3065185,1,SNP (transition),C,Polymorphism,T,3065185,3065185,NZ_CP073017,none,191,52.2%,12.0%,23,,,,,,,T -> C,,,,,,,,86.4%,T
C,mvR10_Howe,3347500,3347500,1,SNP (transition),C,Polymorphism,T,3347500,3347500,NZ_CP073017,none,246,55.0%,16.3%,40,,,,,,,T -> C,,,,,,,,83.7%,T
C,mvR10_Howe,3347514,3347514,1,SNP (transition),C,Polymorphism,T,3347514,3347514,NZ_CP073017,none,257,52.7%,21.4%,55,,,,,,,T -> C,,,,,,,,78.6%,T
C,mvR10_Howe,3347609,3347609,1,SNP (transition),C,Polymorphism,T,3347609,3347609,NZ_CP073017,none,346,53.5%,44.8%,155,V -> A,acnB CDS,9,,26,2,T -> C,GTT -> GCT,acnB,GO:0006099 - tricarboxylic acid cycle [Evidence IEA],KBZ93_RS15570,bifunctional aconitate hydratase 2/2-methylisocitrate dehydratase,Substitution,WP_010874171.1,55.2%,T
C,mvR10_Howe,3347667,3347667,1,SNP (transition),C,Polymorphism,T,3347667,3347667,NZ_CP073017,none,225,69.2%,47.6%,107,,acnB CDS,28,,84,3,T -> C,ACT -> ACC,acnB,GO:0006099 - tricarboxylic acid cycle [Evidence IEA],KBZ93_RS15570,bifunctional aconitate hydratase 2/2-methylisocitrate dehydratase,None,WP_010874171.1,52.4%,T
C,mvR10_Howe,3501650,3501650,1,SNP (transversion),C,Polymorphism,A,3501650,3501650,NZ_CP073017,none,117,81.3%,13.7%,16,F -> V,SRPBCC family protein CDS,52,,154,1,A -> C,TTT -> GTT,,,KBZ93_RS16210,SRPBCC family protein,Substitution,WP_010874291.1,86.3%,A
C,mvR10_Howe,3504618,3504618,1,SNP (transversion),C,Polymorphism,A,3504618,3504618,NZ_CP073017,none,199,69.3%,100.0%,199,T -> P,efflux RND transporter permease subunit CDS,871,,2611,1,A -> C,ACA -> CCA,,GO:0055085 - transmembrane transport [Evidence IEA],KBZ93_RS16215,efflux RND transporter permease subunit,Substitution,WP_247716601.1,,A
C,mvR10_Howe,3571179,3571179,1,SNP (transversion),C,Polymorphism,A,3571179,3571179,NZ_CP073017,none,20,50.0%,15.0%,3,L -> F,sds CDS,66,1,198,3,A -> C,TTA -> TTC,sds,GO:0010236 - plastoquinone biosynthetic process [Evidence IEA],KBZ93_RS00005,solanesyl diphosphate synthase,Substitution,WP_010871207.1,65.0%,A
CAAGAATTAACGGCG,mvR10_Howe,5,4,0,Insertion,CAAGAATTAACGGCG,Polymorphism,---------------,5,5,NZ_CP073017,none,42,63.2% -> 72.4%,21.4%,9, -> QELTA,sds CDS,69,2,205,1,+CAAGAATTAACGGCG," -> CAA,GAA,TTA,ACG,GCG",sds,GO:0010236 - plastoquinone biosynthetic process [Evidence IEA],KBZ93_RS00005,solanesyl diphosphate synthase,Insertion,WP_010871207.1,,
CT,mvR10_Howe,3062558,3062560,2,Deletion,CT,Polymorphism,TG,3062560,3062558,NZ_CP073017,none,354 -> 368,70.9%,36.4% -> 37.9%,134,,rppB CDS,421,,1261,1,TTG -> CT,,rppB,,KBZ93_RS14320,two-component system sensor histidine kinase RppB,Frame Shift,WP_010873935.1,,TTG
CTA,mvR10_Howe,1454212,1454214,2,Substitution,CTA,Polymorphism,TG,1454214,1454212,NZ_CP073017,none,1257 -> 1270,64.8% -> 65.3%,82.2% -> 82.6%,1033 -> 1049,,Rpn family recombination-promoting nuclease/putative transposase CDS,136,,406,1,TTG -> CTA,TTG -> CTA,,,KBZ93_RS06845,Rpn family recombination-promoting nuclease/putative transposase,None,WP_010872524.1,,TTG
CTG,mvR10_Howe,3047306,3047308,2,Substitution,CTG,Polymorphism,TC,3047308,3047306,NZ_CP073017,none,250 -> 251,59.5%,14.7% -> 14.8%,37,F -> L,UmuC protein CDS,5,,13,1,TTC -> CTG,TTC -> CTG,,,KBZ93_RS14260,UmuC protein,Substitution,WP_020862003.1,,TTC
G,mvR10_Howe,377660,377660,1,SNP (transversion),G,Polymorphism,T,377660,377660,NZ_CP073017,none,108,100.0%,13.9%,15,,,,,,,T -> G,,,,,,,,86.1%,T
G,mvR10_Howe,488331,488331,1,SNP (transversion),G,Polymorphism,T,488331,488331,NZ_CP073017,none,191,74.9%,100.0%,191,F -> C,AMP-binding protein CDS,255,,764,2,T -> G,TTC -> TGC,,,KBZ93_RS02325,AMP-binding protein,Substitution,WP_215849833.1,,T
G,mvR10_Howe,489131,489131,1,SNP (transition),G,Polymorphism,A,489131,489131,NZ_CP073017,none,188,68.6%,100.0%,188,S -> G,AMP-binding protein CDS,522,,1564,1,A -> G,AGC -> GGC,,,KBZ93_RS02325,AMP-binding protein,Substitution,WP_215849833.1,,A
G,mvR10_Howe,527566,527566,1,SNP (transition),G,Polymorphism,A,527566,527566,NZ_CP073017,none,53,58.3%,22.6%,12,,CHAT domain-containing protein CDS,1028,,3084,3,A -> G,GAA -> GAG,,,KBZ93_RS02465,CHAT domain-containing protein,None,WP_247716603.1,58.5%,A
G,mvR10_Howe,907551,907551,1,SNP (transition),G,Polymorphism,A,907551,907551,NZ_CP073017,none,217,76.0%,100.0%,217,,DUF1868 domain-containing protein CDS,138,,413,2,A -> G,,,,KBZ93_RS18490,DUF1868 domain-containing protein,Extension,WP_247716604.1,,A
G,mvR10_Howe,1059691,1059690,0,Insertion (tandem repeat),G,Polymorphism,-,1059691,1059691,NZ_CP073017,none,63,100.0%,11.1%,7,,TldD/PmbA family protein CDS,356,,1066,1,(G)10 -> (G)11,,,GO:0006508 - proteolysis [Evidence IEA],KBZ93_RS04995,TldD/PmbA family protein,Frame Shift,WP_010872171.1,,
G,mvR10_Howe,1210531,1210531,1,SNP (transition),G,Polymorphism,A,1210531,1210531,NZ_CP073017,none,504,64.3%,13.9%,70,,UPF0175 family protein CDS,75,,225,3,A -> G,,,,KBZ93_RS05645,UPF0175 family protein,Extension,WP_020861646.1,86.1%,A
G,mvR10_Howe,1210536,1210536,1,SNP (transversion),G,Polymorphism,T,1210536,1210536,NZ_CP073017,none,552,66.7%,13.6%,75,,,,,,,T -> G,,,,,,,,86.4%,T
G,mvR10_Howe,1210592,1210592,1,SNP (transition),G,Polymorphism,A,1210592,1210592,NZ_CP073017,none,796,68.0%,15.7%,125,,Rpn family recombination-promoting nuclease/putative transposase CDS,245,,735,3,A -> G,GAT -> GAC,,,KBZ93_RS05650,Rpn family recombination-promoting nuclease/putative transposase,None,WP_010872295.1,84.3%,A
G,mvR10_Howe,1210780,1210780,1,SNP (transition),G,Polymorphism,A,1210780,1210780,NZ_CP073017,none,886,60.5%,18.8%,167,,Rpn family recombination-promoting nuclease/putative transposase CDS,183,,547,1,A -> G,TTG -> CTG,,,KBZ93_RS05650,Rpn family recombination-promoting nuclease/putative transposase,None,WP_010872295.1,81.2%,A
G,mvR10_Howe,1210921,1210921,1,SNP (transition),G,Polymorphism,A,1210921,1210921,NZ_CP073017,none,755,55.9%,69.0%,521,,Rpn family recombination-promoting nuclease/putative transposase CDS,136,,406,1,A -> G,TTA -> CTA,,,KBZ93_RS05650,Rpn family recombination-promoting nuclease/putative transposase,None,WP_010872295.1,31.0%,A
G,mvR10_Howe,1211084,1211084,1,SNP (transition),G,Polymorphism,A,1211084,1211084,NZ_CP073017,none,457,61.4%,54.9%,251,,Rpn family recombination-promoting nuclease/putative transposase CDS,81,,243,3,A -> G,CGT -> CGC,,,KBZ93_RS05650,Rpn family recombination-promoting nuclease/putative transposase,None,WP_010872295.1,45.1%,A
G,mvR10_Howe,1284922,1284922,1,SNP (transversion),G,Polymorphism,T,1284922,1284922,NZ_CP073017,none,134,100.0%,11.9%,16,,,,,,,T -> G,,,,,,,,88.1%,T
G,mvR10_Howe,1453905,1453905,1,SNP (transition),G,Polymorphism,A,1453905,1453905,NZ_CP073017,none,1426,68.2%,74.3%,1060,,Rpn family recombination-promoting nuclease/putative transposase CDS,33,,99,3,A -> G,CCA -> CCG,,,KBZ93_RS06845,Rpn family recombination-promoting nuclease/putative transposase,None,WP_010872524.1,25.7%,A
G,mvR10_Howe,1453944,1453944,1,SNP (transition),G,Polymorphism,A,1453944,1453944,NZ_CP073017,none,1449,65.3%,77.6%,1125,,Rpn family recombination-promoting nuclease/putative transposase CDS,46,,138,3,A -> G,CTA -> CTG,,,KBZ93_RS06845,Rpn family recombination-promoting nuclease/putative transposase,None,WP_010872524.1,22.4%,A
G,mvR10_Howe,1454064,1454064,1,SNP (transition),G,Polymorphism,A,1454064,1454064,NZ_CP073017,none,1197,62.3%,82.3%,985,,Rpn family recombination-promoting nuclease/putative transposase CDS,86,,258,3,A -> G,AAA -> AAG,,,KBZ93_RS06845,Rpn family recombination-promoting nuclease/putative transposase,None,WP_010872524.1,17.7%,A
G,mvR10_Howe,1454082,1454082,1,SNP (transversion),G,Polymorphism,T,1454082,1454082,NZ_CP073017,none,1167,64.8%,55.7%,650,,Rpn family recombination-promoting nuclease/putative transposase CDS,92,,276,3,T -> G,GTT -> GTG,,,KBZ93_RS06845,Rpn family recombination-promoting nuclease/putative transposase,None,WP_010872524.1,27.0%,T
G,mvR10_Howe,1454280,1454280,1,SNP (transition),G,Polymorphism,A,1454280,1454280,NZ_CP073017,none,1180,66.3%,65.2%,769,,Rpn family recombination-promoting nuclease/putative transposase CDS,158,,474,3,A -> G,GTA -> GTG,,,KBZ93_RS06845,Rpn family recombination-promoting nuclease/putative transposase,None,WP_010872524.1,34.8%,A
G,mvR10_Howe,1535184,1535184,1,SNP (transversion),G,Polymorphism,T,1535184,1535184,NZ_CP073017,none,50,60.0%,20.0%,10,,,,,,,T -> G,,,,,,,,80.0%,T
G,mvR10_Howe,1536341,1536341,1,SNP (transversion),G,Polymorphism,C,1536341,1536341,NZ_CP073017,none,70,65.2%,32.9%,23,R -> P,M14 family metallopeptidase CDS,514,,1541,2,C -> G,CGT -> CCT,,,KBZ93_RS07220,M14 family metallopeptidase,Substitution,WP_247716608.1,54.3%,C
G,mvR10_Howe,1945016,1945016,1,SNP (transversion),G,Polymorphism,C,1945016,1945016,NZ_CP073017,none,218,68.8%,100.0%,218,R -> G,ABC-2 family transporter protein CDS,115,,343,1,C -> G,CGC -> GGC,,,KBZ93_RS09215,ABC-2 family transporter protein,Substitution,WP_010872970.1,,C
G,mvR10_Howe,1972213,1972213,1,SNP (transition),G,Polymorphism,A,1972213,1972213,NZ_CP073017,none,341,78.8%,46.9%,160,E -> G,IS701 family transposase CDS,22,,65,2,A -> G,GAA -> GGA,,,KBZ93_RS09335,IS701 family transposase,Substitution,WP_071822654.1,53.1%,A
G,mvR10_Howe,1972581,1972581,1,SNP (transition),G,Polymorphism,A,1972581,1972581,NZ_CP073017,none,450,69.1%,59.8%,269,R -> G,IS701 family transposase CDS,145,,433,1,A -> G,AGA -> GGA,,,KBZ93_RS09335,IS701 family transposase,Substitution,WP_071822654.1,40.2%,A
G,mvR10_Howe,2779341,2779341,1,SNP (transversion),G,Polymorphism,T,2779341,2779341,NZ_CP073017,none,170,79.4%,100.0%,170,Y -> D,psbB CDS,313,,937,1,T -> G,TAT -> GAT,psbB,"GO:0009769 - photosynthesis, light harvestingin photosystem II [Evidence IEA]",KBZ93_RS13020,photosystem II chlorophyll-binding protein CP47,Substitution,WP_215849830.1,,T
G,mvR10_Howe,2807811,2807811,1,SNP (transition),G,Polymorphism,A,2807811,2807811,NZ_CP073017,none,83,100.0%,33.7%,28,L -> P,diflavin flavoprotein CDS,6,,17,2,A -> G,CTC -> CCC,,,KBZ93_RS13150,diflavin flavoprotein,Substitution,WP_010873710.1,66.3%,A
G,mvR10_Howe,2851727,2851727,1,SNP (transition),G,Polymorphism,A,2851727,2851727,NZ_CP073017,none,217,77.4%,100.0%,217,,hypothetical protein CDS,171,,513,3,A -> G,GCT -> GCC,,,KBZ93_RS13365,hypothetical protein,None,WP_010873753.1,,A
G,mvR10_Howe,2996646,2996646,1,SNP (transition),G,Polymorphism,A,2996646,2996646,NZ_CP073017,none,439,59.5%,47.8%,210,,,,,,,A -> G,,,,,,,,52.2%,A
G,mvR10_Howe,2996744,2996744,1,SNP (transition),G,Polymorphism,A,2996744,2996744,NZ_CP073017,none,401,59.7%,56.4%,226,Y -> H,transposase CDS,78,,232,1,A -> G,TAT -> CAT,,,KBZ93_RS18685,transposase,Substitution,WP_010873882.1,43.6%,A
G,mvR10_Howe,2997212,2997212,1,SNP (transition),G,Polymorphism,A,2997212,2997212,NZ_CP073017,none,318,80.0%,17.3%,55,,IS701 family transposase CDS,203,,609,3,A -> G,GCT -> GCC,,,KBZ93_RS18690,IS701 family transposase,None,WP_010873883.1,82.7%,A
G,mvR10_Howe,2997489,2997489,1,SNP (transition),G,Polymorphism,A,2997489,2997489,NZ_CP073017,none,500,69.0%,55.4%,277,I -> T,IS701 family transposase CDS,111,,332,2,A -> G,ATA -> ACA,,,KBZ93_RS18690,IS701 family transposase,Substitution,WP_010873883.1,44.6%,A
G,mvR10_Howe,3047299,3047299,1,SNP (transition),G,Polymorphism,A,3047299,3047299,NZ_CP073017,none,246,63.9%,14.6%,36,,UmuC protein CDS,2,,6,3,A -> G,GGA -> GGG,,,KBZ93_RS14260,UmuC protein,None,WP_020862003.1,85.4%,A
G,mvR10_Howe,3047319,3047319,1,SNP (transversion),G,Polymorphism,C,3047319,3047319,NZ_CP073017,none,258,54.8%,16.3%,42,P -> R,UmuC protein CDS,9,,26,2,C -> G,CCA -> CGA,,,KBZ93_RS14260,UmuC protein,Substitution,WP_020862003.1,83.7%,C
G,mvR10_Howe,3047330,3047330,1,SNP (transition),G,Polymorphism,A,3047330,3047330,NZ_CP073017,none,293,56.3%,21.8%,64,K -> E,UmuC protein CDS,13,,37,1,A -> G,AAG -> GAG,,,KBZ93_RS14260,UmuC protein,Substitution,WP_020862003.1,78.2%,A
G,mvR10_Howe,3047452,3047452,1,SNP (transversion),G,Polymorphism,C,3047452,3047452,NZ_CP073017,none,247,53.8%,21.1%,52,,UmuC protein CDS,53,,159,3,C -> G,GCC -> GCG,,,KBZ93_RS14260,UmuC protein,None,WP_020862003.1,78.9%,C
G,mvR10_Howe,3047458,3047458,1,SNP (transversion),G,Polymorphism,C,3047458,3047458,NZ_CP073017,none,231,52.2%,19.9%,46,,UmuC protein CDS,55,,165,3,C -> G,CTC -> CTG,,,KBZ93_RS14260,UmuC protein,None,WP_020862003.1,80.1%,C
G,mvR10_Howe,3062522,3062522,1,SNP (transversion),G,Polymorphism,T,3062522,3062522,NZ_CP073017,none,225,78.9%,16.9%,38,,rppB CDS,433,,1299,3,T -> G,GGA -> GGC,rppB,,KBZ93_RS14320,two-component system sensor histidine kinase RppB,None,WP_010873935.1,83.1%,T
G,mvR10_Howe,3062553,3062552,0,Insertion,G,Polymorphism,-,3062553,3062553,NZ_CP073017,none,328,72.6%,34.5%,113,,rppB CDS,423,,1269,3,+G,,rppB,,KBZ93_RS14320,two-component system sensor histidine kinase RppB,Frame Shift,WP_010873935.1,,
G,mvR10_Howe,3062633,3062633,1,SNP (transition),G,Polymorphism,A,3062633,3062633,NZ_CP073017,none,662,72.5%,33.5%,222,,rppB CDS,396,,1188,3,A -> G,GAT -> GAC,rppB,,KBZ93_RS14320,two-component system sensor histidine kinase RppB,None,WP_010873935.1,66.5%,A
G,mvR10_Howe,3062684,3062684,1,SNP (transition),G,Polymorphism,A,3062684,3062684,NZ_CP073017,none,714,70.7%,32.1%,229,,rppB CDS,379,,1137,3,A -> G,GGT -> GGC,rppB,,KBZ93_RS14320,two-component system sensor histidine kinase RppB,None,WP_010873935.1,67.9%,A
G,mvR10_Howe,3063667,3063667,1,SNP (transition),G,Polymorphism,A,3063667,3063667,NZ_CP073017,none,661,75.1%,26.8%,177,,rppB CDS,52,,154,1,A -> G,TTA -> CTA,rppB,,KBZ93_RS14320,two-component system sensor histidine kinase RppB,None,WP_010873935.1,73.2%,A
G,mvR10_Howe,3063668,3063668,1,SNP (transition),G,Polymorphism,A,3063668,3063668,NZ_CP073017,none,662,75.0%,26.6%,176,,rppB CDS,51,,153,3,A -> G,TCT -> TCC,rppB,,KBZ93_RS14320,two-component system sensor histidine kinase RppB,None,WP_010873935.1,73.4%,A
G,mvR10_Howe,3063990,3063990,1,SNP (transition),G,Polymorphism,A,3063990,3063990,NZ_CP073017,none,490,74.7%,60.6%,297,,rppA CDS,172,,516,3,A -> G,CTT -> CTC,rppA,GO:0006355 - regulation of DNA-templated transcription [Evidence IEA],KBZ93_RS14325,two-component system response regulator RppA,None,WP_010873936.1,39.4%,A
G,mvR10_Howe,3064170,3064170,1,SNP (transition),G,Polymorphism,A,3064170,3064170,NZ_CP073017,none,615,72.2%,71.4%,439,,rppA CDS,112,,336,3,A -> G,GCT -> GCC,rppA,GO:0006355 - regulation of DNA-templated transcription [Evidence IEA],KBZ93_RS14325,two-component system response regulator RppA,None,WP_010873936.1,28.6%,A
G,mvR10_Howe,3064191,3064191,1,SNP (transition),G,Polymorphism,A,3064191,3064191,NZ_CP073017,none,632,72.6%,69.8%,441,,rppA CDS,105,,315,3,A -> G,TTT -> TTC,rppA,GO:0006355 - regulation of DNA-templated transcription [Evidence IEA],KBZ93_RS14325,two-component system response regulator RppA,None,WP_010873936.1,30.2%,A
G,mvR10_Howe,3064242,3064242,1,SNP (transition),G,Polymorphism,A,3064242,3064242,NZ_CP073017,none,653,72.4%,70.4%,460,,rppA CDS,88,,264,3,A -> G,GAT -> GAC,rppA,GO:0006355 - regulation of DNA-templated transcription [Evidence IEA],KBZ93_RS14325,two-component system response regulator RppA,None,WP_010873936.1,29.6%,A
G,mvR10_Howe,3064942,3064942,1,SNP (transition),G,Polymorphism,A,3064942,3064942,NZ_CP073017,none,742,71.3%,72.2%,536,I -> T,DUF305 domain-containing protein CDS,54,,161,2,A -> G,ATT -> ACT,,,KBZ93_RS14330,DUF305 domain-containing protein,Substitution,WP_215849831.1,27.6%,A
G,mvR10_Howe,3065175,3065174,0,Insertion,G,Polymorphism,-,3065175,3065175,NZ_CP073017,none,230,52.2%,10.0%,23,,,,,,,+G,,,,,,,,,
G,mvR10_Howe,3065175,3065174,0,Insertion,G,Polymorphism,-,3065175,3065175,NZ_CP073017,none,230,52.2%,10.0%,23,,,,,,,+G,,,,,,,,,
G,mvR10_Howe,3065175,3065174,0,Insertion,G,Polymorphism,-,3065175,3065175,NZ_CP073017,none,230,52.2%,10.0%,23,,,,,,,+G,,,,,,,,,
G,mvR10_Howe,3065177,3065177,1,SNP (transversion),G,Polymorphism,C,3065177,3065177,NZ_CP073017,none,222,50.0%,18.0%,40,,,,,,,C -> G,,,,,,,,81.5%,C
G,mvR10_Howe,3190797,3190797,1,SNP (transversion),G,Polymorphism,T,3190797,3190797,NZ_CP073017,none,95,100.0%,11.6%,11,K -> T,phytoene/squalene synthase family protein CDS,198,,593,2,T -> G,AAG -> ACG,,,KBZ93_RS14860,phytoene/squalene synthase family protein,Substitution,WP_010874044.1,88.4%,T
G,mvR10_Howe,3347579,3347579,1,SNP (transition),G,Polymorphism,A,3347579,3347579,NZ_CP073017,none,336,55.6%,42.3%,142,,,,,,,A -> G,,,,,,,,57.7%,A
G,mvR10_Howe,3347594,3347594,1,SNP (transversion),G,Polymorphism,C,3347594,3347594,NZ_CP073017,none,340,53.4%,42.9%,146,A -> G,acnB CDS,4,,11,2,C -> G,GCC -> GGC,acnB,GO:0006099 - tricarboxylic acid cycle [Evidence IEA],KBZ93_RS15570,bifunctional aconitate hydratase 2/2-methylisocitrate dehydratase,Substitution,WP_010874171.1,57.1%,C
G,mvR10_Howe,3571179,3571179,1,SNP (transition),G,Polymorphism,A,3571179,3571179,NZ_CP073017,none,20,100.0%,10.0%,2,,sds CDS,66,1,198,3,A -> G,TTA -> TTG,sds,GO:0010236 - plastoquinone biosynthetic process [Evidence IEA],KBZ93_RS00005,solanesyl diphosphate synthase,None,WP_010871207.1,65.0%,A
GCTTT,mvR10_Howe,1536347,1536348,1,Insertion,GCTTT,Polymorphism,---G,1536348,1536347,NZ_CP073017,none,65 -> 69,69.2% -> 72.3%,36.2% -> 38.5%,25,Q -> KA,M14 family metallopeptidase CDS,512,,1534,1,TG -> GCTTT,"CAG -> AAA,GCG",,,KBZ93_RS07220,M14 family metallopeptidase,Insertion,WP_247716608.1,,TG
GG,mvR10_Howe,3571180,3571181,2,Substitution,GG,Polymorphism,AC,3571181,3571180,NZ_CP073017,none,11 -> 16,50.0% -> 60.0%,12.5% -> 18.2%,2,T -> G,sds CDS,67,1,199,1,AC -> GG,ACG -> GGG,sds,GO:0010236 - plastoquinone biosynthetic process [Evidence IEA],KBZ93_RS00005,solanesyl diphosphate synthase,Substitution,WP_010871207.1,,AC
GGCT,mvR10_Howe,1536338,1536338,1,Insertion,GGCT,Polymorphism,---C,1536338,1536338,NZ_CP073017,none,55 -> 57,57.1% -> 58.3%,21.8% -> 24.6%,12 -> 14,* -> *P,M14 family metallopeptidase CDS,515,,1544,2,C -> GGCT,"TGA -> TAG,CCA",,,KBZ93_RS07220,M14 family metallopeptidase,Insertion,WP_247716608.1,,C
GTC,mvR10_Howe,3064107,3064109,2,Substitution,GTC,Polymorphism,TG,3064109,3064107,NZ_CP073017,none,432 -> 443,69.0% -> 69.6%,62.0% -> 62.3%,268 -> 276,Q -> D,rppA CDS,133,,397,1,TTG -> GTC,CAA -> GAC,rppA,GO:0006355 - regulation of DNA-templated transcription [Evidence IEA],KBZ93_RS14325,two-component system response regulator RppA,Substitution,WP_010873936.1,,TTG
T,mvR10_Howe,285563,285563,1,SNP (transversion),T,Polymorphism,G,285563,285563,NZ_CP073017,none,380,76.6%,49.5%,188,H -> Q,Rpn family recombination-promoting nuclease/putative transposase CDS,125,,375,3,G -> T,CAC -> CAA,,,KBZ93_RS01365,Rpn family recombination-promoting nuclease/putative transposase,Substitution,WP_010871467.1,50.5%,G
T,mvR10_Howe,1210542,1210542,1,SNP (transition),T,Polymorphism,C,1210542,1210542,NZ_CP073017,none,571,66.7%,15.2%,87,,,,,,,C -> T,,,,,,,,84.8%,C
T,mvR10_Howe,1210598,1210598,1,SNP (transition),T,Polymorphism,C,1210598,1210598,NZ_CP073017,none,814,72.2%,61.1%,497,,Rpn family recombination-promoting nuclease/putative transposase CDS,243,,729,3,C -> T,GAG -> GAA,,,KBZ93_RS05650,Rpn family recombination-promoting nuclease/putative transposase,None,WP_010872295.1,38.9%,C
T,mvR10_Howe,1210829,1210829,1,SNP (transition),T,Polymorphism,C,1210829,1210829,NZ_CP073017,none,814,59.5%,73.3%,597,,Rpn family recombination-promoting nuclease/putative transposase CDS,166,,498,3,C -> T,CGG -> CGA,,,KBZ93_RS05650,Rpn family recombination-promoting nuclease/putative transposase,None,WP_010872295.1,26.7%,C
T,mvR10_Howe,1454028,1454028,1,SNP (transition),T,Polymorphism,C,1454028,1454028,NZ_CP073017,none,1241,64.5%,57.1%,709,,Rpn family recombination-promoting nuclease/putative transposase CDS,74,,222,3,C -> T,GAC -> GAT,,,KBZ93_RS06845,Rpn family recombination-promoting nuclease/putative transposase,None,WP_010872524.1,42.9%,C
T,mvR10_Howe,1454349,1454349,1,SNP (transition),T,Polymorphism,C,1454349,1454349,NZ_CP073017,none,811,62.7%,76.0%,616,,Rpn family recombination-promoting nuclease/putative transposase CDS,181,,543,3,C -> T,ATC -> ATT,,,KBZ93_RS06845,Rpn family recombination-promoting nuclease/putative transposase,None,WP_010872524.1,24.0%,C
T,mvR10_Howe,1535176,1535175,0,Insertion,T,Polymorphism,-,1535176,1535176,NZ_CP073017,none,65,58.8%,52.3%,34,,,,,,,+T,,,,,,,,,
T,mvR10_Howe,1535176,1535175,0,Insertion,T,Polymorphism,-,1535176,1535176,NZ_CP073017,none,65,62.5%,36.9%,24,,,,,,,+T,,,,,,,,,
T,mvR10_Howe,1535178,1535178,1,SNP (transversion),T,Polymorphism,A,1535178,1535178,NZ_CP073017,none,65,77.8%,13.8%,9,,,,,,,A -> T,,,,,,,,81.5%,A
T,mvR10_Howe,1535186,1535186,1,SNP (transversion),T,Polymorphism,A,1535186,1535186,NZ_CP073017,none,47,60.0%,10.6%,5,,,,,,,A -> T,,,,,,,,80.9%,A
T,mvR10_Howe,1536348,1536348,1,SNP (transversion),T,Polymorphism,G,1536348,1536348,NZ_CP073017,none,69,72.3%,14.5%,10,Q -> K,M14 family metallopeptidase CDS,512,,1534,1,G -> T,CAG -> AAG,,,KBZ93_RS07220,M14 family metallopeptidase,Substitution,WP_247716608.1,30.4%,G
T,mvR10_Howe,1972256,1972256,1,SNP (transition),T,Polymorphism,C,1972256,1972256,NZ_CP073017,none,495,76.5%,44.6%,221,,IS701 family transposase CDS,36,,108,3,C -> T,GCC -> GCT,,,KBZ93_RS09335,IS701 family transposase,None,WP_071822654.1,55.4%,C
T,mvR10_Howe,1972497,1972497,1,SNP (transition),T,Polymorphism,C,1972497,1972497,NZ_CP073017,none,462,76.8%,58.9%,272,R -> W,IS701 family transposase CDS,117,,349,1,C -> T,CGG -> TGG,,,KBZ93_RS09335,IS701 family transposase,Substitution,WP_071822654.1,41.1%,C
T,mvR10_Howe,1972604,1972604,1,SNP (transition),T,Polymorphism,C,1972604,1972604,NZ_CP073017,none,487,77.0%,54.4%,265,,IS701 family transposase CDS,152,,456,3,C -> T,ATC -> ATT,,,KBZ93_RS09335,IS701 family transposase,None,WP_071822654.1,45.6%,C
T,mvR10_Howe,1972622,1972622,1,SNP (transition),T,Polymorphism,C,1972622,1972622,NZ_CP073017,none,453,76.4%,58.9%,267,,IS701 family transposase CDS,158,,474,3,C -> T,GGC -> GGT,,,KBZ93_RS09335,IS701 family transposase,None,WP_071822654.1,40.6%,C
T,mvR10_Howe,1972703,1972703,1,SNP (transition),T,Polymorphism,C,1972703,1972703,NZ_CP073017,none,464,77.3%,58.0%,269,,transposase CDS,19,,55,1,C -> T,,,GO:0006313 - DNA transposition [Evidence IEA],KBZ93_RS09340,transposase,Truncation,WP_230401110.1,42.0%,C
T,mvR10_Howe,1972901,1972901,1,SNP (transition),T,Polymorphism,C,1972901,1972901,NZ_CP073017,none,413,72.3%,46.2%,191,P -> S,transposase CDS,85,,253,1,C -> T,CCG -> TCG,,GO:0006313 - DNA transposition [Evidence IEA],KBZ93_RS09340,transposase,Substitution,WP_230401110.1,53.8%,C
T,mvR10_Howe,2996601,2996601,1,SNP (transition),T,Polymorphism,C,2996601,2996601,NZ_CP073017,none,385,57.6%,42.9%,165,,,,,,,C -> T,,,,,,,,57.1%,C
T,mvR10_Howe,2996612,2996612,1,SNP (transition),T,Polymorphism,C,2996612,2996612,NZ_CP073017,none,387,57.3%,42.4%,164,,,,,,,C -> T,,,,,,,,57.6%,C
T,mvR10_Howe,2997157,2997157,1,SNP (transition),T,Polymorphism,C,2997157,2997157,NZ_CP073017,none,330,59.2%,21.5%,71,G -> S,IS701 family transposase CDS,222,,664,1,C -> T,GGC -> AGC,,,KBZ93_RS18690,IS701 family transposase,Substitution,WP_010873883.1,78.5%,C
T,mvR10_Howe,2997553,2997553,1,SNP (transition),T,Polymorphism,C,2997553,2997553,NZ_CP073017,none,476,60.5%,31.9%,152,V -> I,IS701 family transposase CDS,90,,268,1,C -> T,GTT -> ATT,,,KBZ93_RS18690,IS701 family transposase,Substitution,WP_010873883.1,68.1%,C
T,mvR10_Howe,2997583,2997583,1,SNP (transition),T,Polymorphism,C,2997583,2997583,NZ_CP073017,none,395,56.1%,24.8%,98,E -> K,IS701 family transposase CDS,80,,238,1,C -> T,GAA -> AAA,,,KBZ93_RS18690,IS701 family transposase,Substitution,WP_010873883.1,75.2%,C
T,mvR10_Howe,2997717,2997717,1,SNP (transition),T,Polymorphism,C,2997717,2997717,NZ_CP073017,none,310,54.3%,26.1%,81,R -> K,IS701 family transposase CDS,35,,104,2,C -> T,AGA -> AAA,,,KBZ93_RS18690,IS701 family transposase,Substitution,WP_010873883.1,73.9%,C
T,mvR10_Howe,2997800,2997800,1,SNP (transition),T,Polymorphism,C,2997800,2997800,NZ_CP073017,none,265,51.9%,19.6%,52,,IS701 family transposase CDS,7,,21,3,C -> T,GCG -> GCA,,,KBZ93_RS18690,IS701 family transposase,None,WP_010873883.1,80.4%,C
T,mvR10_Howe,3047422,3047422,1,SNP (transition),T,Polymorphism,C,3047422,3047422,NZ_CP073017,none,315,64.4%,27.6%,87,,UmuC protein CDS,43,,129,3,C -> T,CCC -> CCT,,,KBZ93_RS14260,UmuC protein,None,WP_020862003.1,72.4%,C
T,mvR10_Howe,3047467,3047467,1,SNP (transition),T,Polymorphism,C,3047467,3047467,NZ_CP073017,none,217,52.4%,19.4%,42,,UmuC protein CDS,58,,174,3,C -> T,ACC -> ACT,,,KBZ93_RS14260,UmuC protein,None,WP_020862003.1,80.6%,C
T,mvR10_Howe,3062525,3062525,1,SNP (transition),T,Polymorphism,C,3062525,3062525,NZ_CP073017,none,231,71.1%,19.5%,45,,rppB CDS,432,,1296,3,C -> T,CAG -> CAA,rppB,,KBZ93_RS14320,two-component system sensor histidine kinase RppB,None,WP_010873935.1,80.5%,C
T,mvR10_Howe,3062549,3062549,1,SNP (transition),T,Polymorphism,C,3062549,3062549,NZ_CP073017,none,306,72.6%,36.9%,113,,rppB CDS,424,,1272,3,C -> T,TTG -> TTA,rppB,,KBZ93_RS14320,two-component system sensor histidine kinase RppB,None,WP_010873935.1,61.1%,C
T,mvR10_Howe,3063602,3063602,1,SNP (transition),T,Polymorphism,C,3063602,3063602,NZ_CP073017,none,660,73.5%,30.9%,204,,rppB CDS,73,,219,3,C -> T,TCG -> TCA,rppB,,KBZ93_RS14320,two-component system sensor histidine kinase RppB,None,WP_010873935.1,69.1%,C
T,mvR10_Howe,3063620,3063620,1,SNP (transition),T,Polymorphism,C,3063620,3063620,NZ_CP073017,none,679,75.2%,29.7%,202,,rppB CDS,67,,201,3,C -> T,CCG -> CCA,rppB,,KBZ93_RS14320,two-component system sensor histidine kinase RppB,None,WP_010873935.1,70.3%,C
T,mvR10_Howe,3063978,3063978,1,SNP (transition),T,Polymorphism,C,3063978,3063978,NZ_CP073017,none,558,74.9%,66.3%,370,,rppA CDS,176,,528,3,C -> T,CAG -> CAA,rppA,GO:0006355 - regulation of DNA-templated transcription [Evidence IEA],KBZ93_RS14325,two-component system response regulator RppA,None,WP_010873936.1,33.7%,C
T,mvR10_Howe,3063999,3063999,1,SNP (transition),T,Polymorphism,C,3063999,3063999,NZ_CP073017,none,408,69.1%,56.4%,230,,rppA CDS,169,,507,3,C -> T,CAG -> CAA,rppA,GO:0006355 - regulation of DNA-templated transcription [Evidence IEA],KBZ93_RS14325,two-component system response regulator RppA,None,WP_010873936.1,43.6%,C
T,mvR10_Howe,3064023,3064023,1,SNP (transition),T,Polymorphism,C,3064023,3064023,NZ_CP073017,none,315,71.1%,45.1%,142,,rppA CDS,161,,483,3,C -> T,TTG -> TTA,rppA,GO:0006355 - regulation of DNA-templated transcription [Evidence IEA],KBZ93_RS14325,two-component system response regulator RppA,None,WP_010873936.1,54.9%,C
T,mvR10_Howe,3064035,3064035,1,SNP (transition),T,Polymorphism,C,3064035,3064035,NZ_CP073017,none,246,69.3%,30.5%,75,,rppA CDS,157,,471,3,C -> T,GAG -> GAA,rppA,GO:0006355 - regulation of DNA-templated transcription [Evidence IEA],KBZ93_RS14325,two-component system response regulator RppA,None,WP_010873936.1,69.5%,C
T,mvR10_Howe,3064038,3064038,1,SNP (transition),T,Polymorphism,C,3064038,3064038,NZ_CP073017,none,235,67.7%,26.4%,62,,rppA CDS,156,,468,3,C -> T,AAG -> AAA,rppA,GO:0006355 - regulation of DNA-templated transcription [Evidence IEA],KBZ93_RS14325,two-component system response regulator RppA,None,WP_010873936.1,73.6%,C
T,mvR10_Howe,3064098,3064098,1,SNP (transition),T,Polymorphism,C,3064098,3064098,NZ_CP073017,none,386,72.2%,54.1%,209,,rppA CDS,136,,408,3,C -> T,TTG -> TTA,rppA,GO:0006355 - regulation of DNA-templated transcription [Evidence IEA],KBZ93_RS14325,two-component system response regulator RppA,None,WP_010873936.1,45.9%,C
T,mvR10_Howe,3064338,3064338,1,SNP (transition),T,Polymorphism,C,3064338,3064338,NZ_CP073017,none,592,70.7%,69.1%,409,,rppA CDS,56,,168,3,C -> T,GTG -> GTA,rppA,GO:0006355 - regulation of DNA-templated transcription [Evidence IEA],KBZ93_RS14325,two-component system response regulator RppA,None,WP_010873936.1,30.9%,C
T,mvR10_Howe,3064359,3064359,1,SNP (transition),T,Polymorphism,C,3064359,3064359,NZ_CP073017,none,595,70.6%,65.2%,388,,rppA CDS,49,,147,3,C -> T,CTG -> CTA,rppA,GO:0006355 - regulation of DNA-templated transcription [Evidence IEA],KBZ93_RS14325,two-component system response regulator RppA,None,WP_010873936.1,34.8%,C
T,mvR10_Howe,3065175,3065174,0,Insertion,T,Polymorphism,-,3065175,3065175,NZ_CP073017,none,230,52.2%,10.0%,23,,,,,,,+T,,,,,,,,,
T,mvR10_Howe,3065175,3065174,0,Insertion,T,Polymorphism,-,3065175,3065175,NZ_CP073017,none,230,52.2%,10.0%,23,,,,,,,+T,,,,,,,,,
T,mvR10_Howe,3065175,3065174,0,Insertion,T,Polymorphism,-,3065175,3065175,NZ_CP073017,none,230,52.0%,10.9%,25,,,,,,,+T,,,,,,,,,
T,mvR10_Howe,3065175,3065175,1,SNP (transversion),T,Polymorphism,A,3065175,3065175,NZ_CP073017,none,230,50.7%,30.0%,69,,,,,,,A -> T,,,,,,,,70.0%,A
T,mvR10_Howe,3347583,3347583,1,SNP (transition),T,Polymorphism,C,3347583,3347583,NZ_CP073017,none,335,54.5%,43.3%,145,,,,,,,C -> T,,,,,,,,56.7%,C
T,mvR10_Howe,3347737,3347737,1,SNP (transition),T,Polymorphism,C,3347737,3347737,NZ_CP073017,none,245,51.1%,18.4%,45,R -> W,acnB CDS,52,,154,1,C -> T,CGG -> TGG,acnB,GO:0006099 - tricarboxylic acid cycle [Evidence IEA],KBZ93_RS15570,bifunctional aconitate hydratase 2/2-methylisocitrate dehydratase,Substitution,WP_010874171.1,81.6%,C
T,mvR10_Howe,3347757,3347757,1,SNP (transition),T,Polymorphism,C,3347757,3347757,NZ_CP073017,none,250,51.7%,11.6%,29,,acnB CDS,58,,174,3,C -> T,GAC -> GAT,acnB,GO:0006099 - tricarboxylic acid cycle [Evidence IEA],KBZ93_RS15570,bifunctional aconitate hydratase 2/2-methylisocitrate dehydratase,None,WP_010874171.1,88.4%,C
TAA,mvR10_Howe,2,4,3,Substitution,TAA,Polymorphism,G---C-----------------G,4,2,NZ_CP073017,none,37 -> 42,60.0% -> 75.0%,9.5% -> 10.8%,4,,sds CDS,68,2,202,1,GCG -> TAA,,sds,GO:0010236 - plastoquinone biosynthetic process [Evidence IEA],KBZ93_RS00005,solanesyl diphosphate synthase,Truncation,WP_010871207.1,,GCG
TCG,mvR10_Howe,3064101,3064103,2,Substitution,TCG,Polymorphism,CA,3064103,3064101,NZ_CP073017,none,411 -> 422,69.3% -> 69.7%,57.9% -> 59.5%,238 -> 251,W -> R,rppA CDS,135,,403,1,CCA -> TCG,TGG -> CGA,rppA,GO:0006355 - regulation of DNA-templated transcription [Evidence IEA],KBZ93_RS14325,two-component system response regulator RppA,Substitution,WP_010873936.1,,CCA
TCGC,mvR10_Howe,1536346,1536345,0,Insertion,TCGC,Polymorphism,----,1536346,1536346,NZ_CP073017,none,66,60.0%,15.2%,10,,M14 family metallopeptidase CDS,513,,1537,1,+TCGC,,,,KBZ93_RS07220,M14 family metallopeptidase,Frame Shift,WP_247716608.1,,
TG,mvR10_Howe,1,3571180,2,Substitution,TG,Polymorphism,GA,3571180,1,NZ_CP073017,none,16 -> 32,50.0% -> 75.0%,12.5%,2 -> 4,,sds CDS,67,"1,2",201,3,GA -> TG,"ACG,GCG,CGC,CAT,CGC,CGG,CTG,GCG,GAA,ATT,ACC,GAA,ATG,ATC,CAC,ACC,GCT,AGT,TTG,GTC,CAC,GAT,GAC,GTG,GTG,GAT,GAG,GCG,GAT,CTG,CGG,CGG,AAT,GTG,CCC,ACG,GTG,AAT,AGT,TTA,TTT,GAC,AAT,CGG,GTG,GCA,GTG,TTA,GCG,GGG,GAT,TTC,CTC,TTT,GCC,CAA,TCT,TCT,TGG,TAT,TTG,GCT,AAC,TTA,GAT,AAT,TTG,GAG,GTG,GTG,AAA,TTA,TTA,TCG,GAG,GTA,ATT,CGG,GAC,TTT,GCG,GAG,GGG,GAA,ATT,TTA,CAG,AGC,ATC,AAT,CGT,TTT,GAC,ACC,GAC,ACA,GAT,TTA,GAA,ACC,TAT,TTG,GAA,AAA,AGC,TAT,TTT,AAA,ACC,GCC,TCT,CTC,ATT,GCC,AAC,AGT,GCC,AAG,GCA,GCG,GGG,GTT,TTG,AGC,GAT,GCG,CCC,CGG,GAT,GTG,TGT,GAT,CAT,CTT,TAC,GAA,TAT,GGT,AAA,CAT,TTG,GGG,TTA,GCG,TTC,CAG,ATT,GTG,GAC,GAT,ATT,TTA,GAT,TTC,ACT,TCC,CCC,ACG,GAG,GTT,TTG,GGG,AAA,CCG,GCC,GGG,TCA,GAT,TTA,ATC,AGC,GGC,AAC,ATC,ACC,GCC,CCA,GCC,CTA,TTT,GCC,ATG,GAA,AAA,TAT,CCC,CTA,CTT,GGT,AAA,TTA,ATT,GAA,CGG,GAA,TTT,GCC,CAG,GCG,GGG,GAT,TTG,GAA,CAG,GCC,CTG,GAA,TTG,GTA,GAA,CAG,GGG,GAT,GGT,ATC,CGG,CGA,TCA,AGG,GAA,TTG,GCC,GCG,AAC,CAA,GCG,CAA,CTG,GCC,CGG,CAA,CAT,CTG,AGT,GTG,CTG,GAA,ATG,TCC,GCT,CCG,AGA,GAA,TCT,CTG,TTG,GAA,TTA,GTT,GAT,TAT,GTG,CTT,GGT,CGT,CTC,CAT,TAG -> ACG,GCG,CGC,CAT,CGC,CGG,CTG,GCG,GAA,ATT,ACC,GAA,ATG,ATC,CAC,ACC,GCT,AGT,TTG,GTC,CAC,GAT,GAC,GTG,GTG,GAT,GAG,GCG,GAT,CTG,CGG,CGG,AAT,GTG,CCC,ACG,GTG,AAT,AGT,TTA,TTT,GAC,AAT,CGG,GTG,GCA,GTG,TTA,GCG,GGG,GAT,TTC,CTC,TTT,GCC,CAA,TCT,TCT,TGG,TAT,TTG,GCT,AAC,TTA,GAT,AAT,TTG,GAG,GTG,GTG,AAA,TTA,TTA,TCG,GAG,GTA,ATT,CGG,GAC,TTT,GCG,GAG,GGG,GAA,ATT,TTA,CAG,AGC,ATC,AAT,CGT,TTT,GAC,ACC,GAC,ACA,GAT,TTA,GAA,ACC,TAT,TTG,GAA,AAA,AGC,TAT,TTT,AAA,ACC,GCC,TCT,CTC,ATT,GCC,AAC,AGT,GCC,AAG,GCA,GCG,GGG,GTT,TTG,AGC,GAT,GCG,CCC,CGG,GAT,GTG,TGT,GAT,CAT,CTT,TAC,GAA,TAT,GGT,AAA,CAT,TTG,GGG,TTA,GCG,TTC,CAG,ATT,GTG,GAC,GAT,ATT,TTA,GAT,TTC,ACT,TCC,CCC,ACG,GAG,GTT,TTG,GGG,AAA,CCG,GCC,GGG,TCA,GAT,TTA,ATC,AGC,GGC,AAC,ATC,ACC,GCC,CCA,GCC,CTA,TTT,GCC,ATG,GAA,AAA,TAT,CCC,CTA,CTT,GGT,AAA,TTA,ATT,GAA,CGG,GAA,TTT,GCC,CAG,GCG,GGG,GAT,TTG,GAA,CAG,GCC,CTG,GAA,TTG,GTA,GAA,CAG,GGG,GAT,GGT,ATC,CGG,CGA,TCA,AGG,GAA,TTG,GCC,GCG,AAC,CAA,GCG,CAA,CTG,GCC,CGG,CAA,CAT,CTG,AGT,GTG,CTG,GAA,ATG,TCC,GCT,CCG,AGA,GAA,TCT,CTG,TTG,GAA,TTA,GTT,GAT,TAT,GTG,CTT,GGT,CGT,CTC,CAT,TAG",sds,GO:0010236 - plastoquinone biosynthetic process [Evidence IEA],KBZ93_RS00005,solanesyl diphosphate synthase,None,WP_010871207.1,,GA
TTAACGGCG,mvR10_Howe,5,4,0,Insertion,TTAACGGCG,Polymorphism,---------,5,5,NZ_CP073017,none,42,63.2% -> 72.4%,11.9%,5, -> LTA,sds CDS,69,2,205,1,+TTAACGGCG," -> TTA,ACG,GCG",sds,GO:0010236 - plastoquinone biosynthetic process [Evidence IEA],KBZ93_RS00005,solanesyl diphosphate synthase,Insertion,WP_010871207.1,,
TTT,mvR10_Howe,1536346,1536348,2,Substitution,TTT,Polymorphism,CG,1536348,1536346,NZ_CP073017,none,67 -> 69,66.7% -> 72.3%,15.9% -> 16.4%,11,Q -> K,M14 family metallopeptidase CDS,512,,1534,1,CTG -> TTT,CAG -> AAA,,,KBZ93_RS07220,M14 family metallopeptidase,Substitution,WP_247716608.1,,CTG
