Name,Minimum,Maximum,Length,CDS,product,CDS Position,Change,locus_tag,Polymorphism Type,Protein Effect,Variant Nucleotide(s),Variant Frequency,protein_id,Reference Nucleotide(s),Amino Acid Change,Codon Change,Reference Frequency,Average Quality,gene
A,2048416,2048416,1,,,,T -> A,,SNP (transversion),,A,50.0%,,T,,,40.9%,28,
C,285611,285611,1,Rpn family recombination-promoting nuclease/putative transposase CDS,Rpn family recombination-promoting nuclease/putative transposase,328,A -> C,SGL_RS03220,SNP (transversion),Substitution,C,51.2%,WP_010871467.1,A,L -> V,TTG -> GTG,48.8%,4,
TCG,3065206,3065208,2,rppA CDS,two-component system response regulator RppA,403,CCA -> TCG,SGL_RS16110,Substitution,Substitution,TCG,51.9% -> 52.4%,WP_010873936.1,CCA,W -> R,TGG -> CGA,,19,rppA
G,1906000,1906000,1,,,,A -> G,,SNP (transition),,G,52.7%,,A,,,47.3%,35,
T,1972534,1972534,1,IS701 family transposase CDS,IS701 family transposase,474,C -> T,SGL_RS11190,SNP (transition),None,T,52.7%,WP_071822654.1,C,,GGC -> GGT,46.7%,7,
T,1972516,1972516,1,IS701 family transposase CDS,IS701 family transposase,456,C -> T,SGL_RS11190,SNP (transition),None,T,53.0%,WP_071822654.1,C,,ATC -> ATT,47.0%,6,
T,1972615,1972615,1,transposase CDS,transposase,55,C -> T,SGL_RS19230,SNP (transition),Truncation,T,53.5%,WP_230401110.1,C,,,46.5%,7,
C,3348773,3348773,1,acnB CDS,bifunctional aconitate hydratase 2/2-methylisocitrate dehydratase,84,T -> C,SGL_RS17360,SNP (transition),None,C,53.5%,WP_010874171.1,T,,ACT -> ACC,46.5%,24,acnB
GTC,3065212,3065214,2,rppA CDS,two-component system response regulator RppA,397,TTG -> GTC,SGL_RS16110,Substitution,Substitution,GTC,53.7% -> 53.8%,WP_010873936.1,TTG,Q -> D,CAA -> GAC,,20,rppA
C,1972606,1972606,1,transposase CDS,transposase,46,G -> C,SGL_RS19230,SNP (transversion),Substitution,C,53.8%,WP_230401110.1,G,V -> L,GTA -> CTA,46.2%,7,
G,1212178,1212178,1,Rpn family recombination-promoting nuclease/putative transposase CDS,Rpn family recombination-promoting nuclease/putative transposase,243,A -> G,SGL_RS07505,SNP (transition),None,G,54.4%,WP_010872295.1,A,,CGT -> CGC,45.6%,5,
G,1972493,1972493,1,IS701 family transposase CDS,IS701 family transposase,433,A -> G,SGL_RS11190,SNP (transition),Substitution,G,54.4%,WP_071822654.1,A,R -> G,AGA -> GGA,45.6%,6,
T,1972409,1972409,1,IS701 family transposase CDS,IS701 family transposase,349,C -> T,SGL_RS11190,SNP (transition),Substitution,T,54.6%,WP_071822654.1,C,R -> W,CGG -> TGG,45.4%,7,
A,1972665,1972665,1,transposase CDS,transposase,105,G -> A,SGL_RS19230,SNP (transition),None,A,54.6%,WP_230401110.1,G,,AGG -> AGA,45.2%,7,
G,3065095,3065095,1,rppA CDS,two-component system response regulator RppA,516,A -> G,SGL_RS16110,SNP (transition),None,G,54.7%,WP_010873936.1,A,,CTT -> CTC,45.3%,19,rppA
T,3400336,3400336,1,ATP-binding protein CDS,ATP-binding protein,15,A -> T,SGL_RS17580,SNP (transversion),Substitution,T,54.7%,WP_010874212.1,A,D -> E,GAT -> GAA,28.3%,28,
A,1972582,1972582,1,transposase CDS,transposase,22,G -> A,SGL_RS19230,SNP (transition),Substitution,A,55.0%,WP_230401110.1,G,E -> K,GAG -> AAG,45.0%,7,
C,1972727,1972727,1,transposase CDS,transposase,167,T -> C,SGL_RS19230,SNP (transition),Substitution,C,55.2%,WP_230401110.1,T,V -> A,GTA -> GCA,44.8%,8,
A,1972708,1972708,1,transposase CDS,transposase,148,G -> A,SGL_RS19230,SNP (transition),Substitution,A,55.5%,WP_230401110.1,G,G -> R,GGA -> AGA,44.5%,7,
A,386406,386406,1,hypothetical protein CDS,hypothetical protein,230,T -> A,SGL_RS03740,SNP (transversion),Substitution,A,55.7%,WP_010871567.1,T,V -> D,GTT -> GAT,44.3%,27,
C,2997812,2997812,1,transposase CDS,transposase,269,T -> C,SGL_RS20010,SNP (transition),Extension,C,55.8%,WP_010873882.1,T,,,44.0%,11,
CGGCG,5,4,0,sds CDS,solanesyl diphosphate synthase,205,+CGGCG,SGL_RS01875,Insertion,Frame Shift,CGGCG,56.5%,WP_010871207.1,,,,,25,sds
A,1211634,1211634,1,,,,G -> A,,SNP (transition),,A,56.9%,,G,,,43.1%,5,
A,1455162,1455162,1,Rpn family recombination-promoting nuclease/putative transposase CDS,Rpn family recombination-promoting nuclease/putative transposase,261,G -> A,SGL_RS08690,SNP (transition),None,A,57.1%,WP_010872524.1,G,,ACG -> ACA,41.2%,3,
T,1455123,1455123,1,Rpn family recombination-promoting nuclease/putative transposase CDS,Rpn family recombination-promoting nuclease/putative transposase,222,C -> T,SGL_RS08690,SNP (transition),None,T,57.2%,WP_010872524.1,C,,GAC -> GAT,42.8%,4,
T,3065083,3065083,1,rppA CDS,two-component system response regulator RppA,528,C -> T,SGL_RS16110,SNP (transition),None,T,59.0%,WP_010873936.1,C,,CAG -> CAA,41.0%,21,rppA
G,2998594,2998594,1,IS701 family transposase CDS,IS701 family transposase,332,A -> G,SGL_RS20015,SNP (transition),Substitution,G,59.2%,WP_010873883.1,A,I -> T,ATA -> ACA,40.8%,23,
A,3400339,3400339,1,ATP-binding protein CDS,ATP-binding protein,12,G -> A,SGL_RS17580,SNP (transition),None,A,60.0%,WP_010874212.1,G,,AAC -> AAT,38.0%,28,
T,1211692,1211692,1,Rpn family recombination-promoting nuclease/putative transposase CDS,Rpn family recombination-promoting nuclease/putative transposase,729,C -> T,SGL_RS07505,SNP (transition),None,T,60.2%,WP_010872295.1,C,,GAG -> GAA,39.8%,4,
A,1211815,1211815,1,Rpn family recombination-promoting nuclease/putative transposase CDS,Rpn family recombination-promoting nuclease/putative transposase,606,G -> A,SGL_RS07505,SNP (transition),None,A,61.0%,WP_010872295.1,G,,GTC -> GTT,39.0%,4,
A,1212076,1212076,1,Rpn family recombination-promoting nuclease/putative transposase CDS,Rpn family recombination-promoting nuclease/putative transposase,345,G -> A,SGL_RS07505,SNP (transition),None,A,62.4%,WP_010872295.1,G,,CAC -> CAT,37.6%,3,
G,1455375,1455375,1,Rpn family recombination-promoting nuclease/putative transposase CDS,Rpn family recombination-promoting nuclease/putative transposase,474,A -> G,SGL_RS08690,SNP (transition),None,G,63.4%,WP_010872524.1,A,,GTA -> GTG,36.6%,4,
C,1455376,1455376,1,Rpn family recombination-promoting nuclease/putative transposase CDS,Rpn family recombination-promoting nuclease/putative transposase,475,T -> C,SGL_RS08690,SNP (transition),None,C,63.5%,WP_010872524.1,T,,TTG -> CTG,36.5%,4,
G,3064761,3064761,1,rppB CDS,two-component system sensor histidine kinase RppB,165,A -> G,SGL_RS16105,SNP (transition),None,G,63.6%,WP_010873935.1,A,,ACT -> ACC,36.4%,19,rppB
T,3064764,3064764,1,rppB CDS,two-component system sensor histidine kinase RppB,162,C -> T,SGL_RS16105,SNP (transition),None,T,63.9%,WP_010873935.1,C,,GGG -> GGA,36.1%,19,rppB
A,3064772,3064772,1,rppB CDS,two-component system sensor histidine kinase RppB,154,G -> A,SGL_RS16105,SNP (transition),None,A,63.9%,WP_010873935.1,G,,CTA -> TTA,36.1%,18,rppB
A,3064773,3064773,1,rppB CDS,two-component system sensor histidine kinase RppB,153,G -> A,SGL_RS16105,SNP (transition),None,A,63.9%,WP_010873935.1,G,,TCC -> TCT,36.1%,18,rppB
A,3065035,3065035,1,rppA CDS,two-component system response regulator RppA,576,G -> A,SGL_RS16110,SNP (transition),None,A,64.0%,WP_010873936.1,G,,GTC -> GTT,36.0%,23,rppA
G,3065047,3065047,1,rppA CDS,two-component system response regulator RppA,564,A -> G,SGL_RS16110,SNP (transition),None,G,64.1%,WP_010873936.1,A,,TCT -> TCC,35.9%,23,rppA
T,3064767,3064767,1,rppB CDS,two-component system sensor histidine kinase RppB,159,C -> T,SGL_RS16105,SNP (transition),None,T,64.3%,WP_010873935.1,C,,GCG -> GCA,35.7%,19,rppB
A,3064966,3064966,1,rppA CDS,two-component system response regulator RppA,645,G -> A,SGL_RS16110,SNP (transition),None,A,64.3%,WP_010873936.1,G,,ACC -> ACT,35.7%,30,rppA
A,3063738,3063738,1,rppB CDS,two-component system sensor histidine kinase RppB,1188,G -> A,SGL_RS16105,SNP (transition),None,A,64.4%,WP_010873935.1,G,,GAC -> GAT,35.6%,32,rppB
TAA,3064779,3064781,2,rppB CDS,two-component system sensor histidine kinase RppB,145,AAG -> TAA,SGL_RS16105,Substitution,None,TAA,64.4% -> 65.3%,WP_010873935.1,AAG,,CTT -> TTA,,18,rppB
G,3064748,3064748,1,rppB CDS,two-component system sensor histidine kinase RppB,178,A -> G,SGL_RS16105,SNP (transition),None,G,64.6%,WP_010873935.1,A,,TTG -> CTG,35.4%,21,rppB
G,3064776,3064776,1,rppB CDS,two-component system sensor histidine kinase RppB,150,A -> G,SGL_RS16105,SNP (transition),None,G,65.4%,WP_010873935.1,A,,ACT -> ACC,34.6%,18,rppB
T,3064782,3064782,1,rppB CDS,two-component system sensor histidine kinase RppB,144,C -> T,SGL_RS16105,SNP (transition),None,T,65.6%,WP_010873935.1,C,,GAG -> GAA,34.4%,18,rppB
C,3064997,3064997,1,rppA CDS,two-component system response regulator RppA,614,T -> C,SGL_RS16110,SNP (transition),Substitution,C,66.2%,WP_010873936.1,T,E -> G,GAG -> GGG,33.8%,27,rppA
C,3064725,3064725,1,rppB CDS,two-component system sensor histidine kinase RppB,201,T -> C,SGL_RS16105,SNP (transition),None,C,66.6%,WP_010873935.1,T,,CCA -> CCG,33.3%,24,rppB
C,1212079,1212079,1,Rpn family recombination-promoting nuclease/putative transposase CDS,Rpn family recombination-promoting nuclease/putative transposase,342,T -> C,SGL_RS07505,SNP (transition),None,C,66.7%,WP_010872295.1,T,,TTA -> TTG,33.3%,3,
A,3063789,3063789,1,rppB CDS,two-component system sensor histidine kinase RppB,1137,G -> A,SGL_RS16105,SNP (transition),None,A,66.7%,WP_010873935.1,G,,GGC -> GGT,33.3%,35,rppB
C,3065467,3065467,1,rppA CDS,two-component system response regulator RppA,144,G -> C,SGL_RS16110,SNP (transversion),None,C,66.8%,WP_010873936.1,G,,ACC -> ACG,33.2%,32,rppA
C,1972414,1972414,1,IS701 family transposase CDS,IS701 family transposase,354,T -> C,SGL_RS11190,SNP (transition),None,C,67.0%,WP_071822654.1,T,,AGT -> AGC,33.0%,7,
T,3065464,3065464,1,rppA CDS,two-component system response regulator RppA,147,C -> T,SGL_RS16110,SNP (transition),None,T,67.2%,WP_010873936.1,C,,CTG -> CTA,32.8%,32,rppA
C,3064707,3064707,1,rppB CDS,two-component system sensor histidine kinase RppB,219,T -> C,SGL_RS16105,SNP (transition),None,C,67.4%,WP_010873935.1,T,,TCA -> TCG,32.6%,26,rppB
C,1455141,1455141,1,Rpn family recombination-promoting nuclease/putative transposase CDS,Rpn family recombination-promoting nuclease/putative transposase,240,T -> C,SGL_RS08690,SNP (transition),None,C,68.0%,WP_010872524.1,T,,TAT -> TAC,32.0%,4,
G,3065275,3065275,1,rppA CDS,two-component system response regulator RppA,336,A -> G,SGL_RS16110,SNP (transition),None,G,68.4%,WP_010873936.1,A,,GCT -> GCC,31.6%,26,rppA
A,3064854,3064854,1,rppB CDS,two-component system sensor histidine kinase RppB,72,T -> A,SGL_RS16105,SNP (transversion),None,A,68.6%,WP_010873935.1,T,,CTA -> CTT,31.4%,27,rppB
G,3065347,3065347,1,rppA CDS,two-component system response regulator RppA,264,A -> G,SGL_RS16110,SNP (transition),None,G,68.6%,WP_010873936.1,A,,GAT -> GAC,31.4%,32,rppA
T,3064857,3064857,1,rppB CDS,two-component system sensor histidine kinase RppB,69,C -> T,SGL_RS16105,SNP (transition),None,T,68.7%,WP_010873935.1,C,,GGG -> GGA,31.1%,27,rppB
G,3065296,3065296,1,rppA CDS,two-component system response regulator RppA,315,A -> G,SGL_RS16110,SNP (transition),None,G,69.0%,WP_010873936.1,A,,TTT -> TTC,31.0%,27,rppA
A,3065305,3065305,1,rppA CDS,two-component system response regulator RppA,306,G -> A,SGL_RS16110,SNP (transition),None,A,69.0%,WP_010873936.1,G,,ATC -> ATT,31.0%,29,rppA
C,3065431,3065431,1,rppA CDS,two-component system response regulator RppA,180,T -> C,SGL_RS16110,SNP (transition),None,C,69.3%,WP_010873936.1,T,,TCA -> TCG,30.7%,32,rppA
A,3065821,3065821,1,DUF305 domain-containing protein CDS,DUF305 domain-containing protein,387,C -> A,SGL_RS16115,SNP (transversion),Substitution,A,71.9%,WP_010873937.1,C,E -> D,GAG -> GAT,28.1%,36,
G,1455000,1455000,1,Rpn family recombination-promoting nuclease/putative transposase CDS,Rpn family recombination-promoting nuclease/putative transposase,99,A -> G,SGL_RS08690,SNP (transition),None,G,72.2%,WP_010872524.1,A,,CCA -> CCG,27.8%,4,
G,3066047,3066047,1,DUF305 domain-containing protein CDS,DUF305 domain-containing protein,161,A -> G,SGL_RS16115,SNP (transition),Substitution,G,72.2%,WP_010873937.1,A,I -> T,ATT -> ACT,27.8%,35,
C,1455204,1455204,1,Rpn family recombination-promoting nuclease/putative transposase CDS,Rpn family recombination-promoting nuclease/putative transposase,303,T -> C,SGL_RS08690,SNP (transition),None,C,74.0%,WP_010872524.1,T,,GAT -> GAC,26.0%,2,
T,1455444,1455444,1,Rpn family recombination-promoting nuclease/putative transposase CDS,Rpn family recombination-promoting nuclease/putative transposase,543,C -> T,SGL_RS08690,SNP (transition),None,T,74.7%,WP_010872524.1,C,,ATC -> ATT,25.3%,2,
C,1455027,1455027,1,Rpn family recombination-promoting nuclease/putative transposase CDS,Rpn family recombination-promoting nuclease/putative transposase,126,G -> C,SGL_RS08690,SNP (transversion),None,C,75.2%,WP_010872524.1,G,,CGG -> CGC,24.8%,3,
C,1212010,1212010,1,Rpn family recombination-promoting nuclease/putative transposase CDS,Rpn family recombination-promoting nuclease/putative transposase,411,T -> C,SGL_RS07505,SNP (transition),None,C,75.4%,WP_010872295.1,T,,TTA -> TTG,24.4%,4,
G,1212015,1212015,1,Rpn family recombination-promoting nuclease/putative transposase CDS,Rpn family recombination-promoting nuclease/putative transposase,406,A -> G,SGL_RS07505,SNP (transition),None,G,75.8%,WP_010872295.1,A,,TTA -> CTA,24.2%,3,
C,3096187,3096187,1,IS630 transposase-related protein CDS,IS630 transposase-related protein,140,T -> C,SGL_RS16250,SNP (transition),Substitution,C,76.0%,,T,I -> T,ATA -> ACA,24.0%,33,
,3260090,3260090,1,,,,(C)7 -> (C)6,,Deletion (tandem repeat),,,76.7%,,C,,,,27,
C,1455073,1455073,1,Rpn family recombination-promoting nuclease/putative transposase CDS,Rpn family recombination-promoting nuclease/putative transposase,172,T -> C,SGL_RS08690,SNP (transition),None,C,76.8%,WP_010872524.1,T,,TTG -> CTG,23.2%,4,
C,1211827,1211827,1,Rpn family recombination-promoting nuclease/putative transposase CDS,Rpn family recombination-promoting nuclease/putative transposase,594,T -> C,SGL_RS07505,SNP (transition),None,C,77.4%,WP_010872295.1,T,,AAA -> AAG,22.5%,6,
T,1211923,1211923,1,Rpn family recombination-promoting nuclease/putative transposase CDS,Rpn family recombination-promoting nuclease/putative transposase,498,C -> T,SGL_RS07505,SNP (transition),None,T,77.4%,WP_010872295.1,C,,CGG -> CGA,22.6%,6,
G,1455039,1455039,1,Rpn family recombination-promoting nuclease/putative transposase CDS,Rpn family recombination-promoting nuclease/putative transposase,138,A -> G,SGL_RS08690,SNP (transition),None,G,77.9%,WP_010872524.1,A,,CTA -> CTG,22.1%,3,
,2204576,2204576,1,type II secretion system F family protein CDS,type II secretion system F family protein,420,(G)9 -> (G)8,SGL_RS20075,Deletion (tandem repeat),Frame Shift,,78.9%,,G,,,,28,
G,1455207,1455207,1,Rpn family recombination-promoting nuclease/putative transposase CDS,Rpn family recombination-promoting nuclease/putative transposase,306,A -> G,SGL_RS08690,SNP (transition),None,G,79.3%,WP_010872524.1,A,,TTA -> TTG,20.7%,2,
G,1455159,1455159,1,Rpn family recombination-promoting nuclease/putative transposase CDS,Rpn family recombination-promoting nuclease/putative transposase,258,A -> G,SGL_RS08690,SNP (transition),None,G,80.9%,WP_010872524.1,A,,AAA -> AAG,19.1%,3,
CTA,1455307,1455309,2,Rpn family recombination-promoting nuclease/putative transposase CDS,Rpn family recombination-promoting nuclease/putative transposase,406,TTG -> CTA,SGL_RS08690,Substitution,None,CTA,81.1% -> 81.6%,WP_010872524.1,TTG,,TTG -> CTA,,2,
C,1454955,1454955,1,Rpn family recombination-promoting nuclease/putative transposase CDS,Rpn family recombination-promoting nuclease/putative transposase,54,T -> C,SGL_RS08690,SNP (transition),None,C,81.4%,WP_010872524.1,T,,GCT -> GCC,18.6%,3,
,2409243,2409243,1,hypothetical protein CDS,hypothetical protein,302,-C,SGL_RS19960,Deletion,Frame Shift,,92.0%,WP_010873356.1,C,,,,28,
C,2544045,2544044,0,DUF4335 domain-containing protein CDS,DUF4335 domain-containing protein,334,+C,SGL_RS20085,Insertion,Frame Shift,C,92.3%,WP_252100454.1,,,,,36,
C,2360246,2360245,0,Ig-like domain-containing protein CDS,Ig-like domain-containing protein,8924,+C,SGL_RS19945,Insertion,Frame Shift,C,93.3%,WP_010873315.1,,,,,35,
A,2350286,2350285,0,,,,+A,,Insertion,,A,93.9%,,,,,,36,
A,1200306,1200306,1,hypothetical protein CDS,hypothetical protein,446,C -> A,SGL_RS07455,SNP (transversion),Substitution,A,94.4%,WP_223211351.1,C,P -> Q,CCA -> CAA,5.6%,29,
,2419398,2419398,1,MlaD family protein CDS,MlaD family protein,1,-T,SGL_RS19965,Deletion,Start Codon Loss,,96.0%,WP_010873369.1,T,M -> ,ATG -> ,,28,
,2419398,2419398,1,MlaD family protein CDS,MlaD family protein,497,-T,SGL_RS19970,Deletion,Frame Shift,,96.0%,WP_010873370.1,T,,,,28,
A,3110189,3110189,1,IS5 family transposase CDS,IS5 family transposase,372,G -> A,SGL_RS19115,SNP (transition),None,A,96.3%,,G,,GGC -> GGT,3.7%,7,
T,3110343,3110343,1,IS5 family transposase CDS,IS5 family transposase,218,G -> T,SGL_RS19115,SNP (transversion),Substitution,T,98.2%,,G,P -> Q,CCA -> CAA,1.8%,13,
T,2092571,2092571,1,isoaspartyl peptidase/L-asparaginase CDS,isoaspartyl peptidase/L-asparaginase,938,A -> T,SGL_RS11775,SNP (transversion),Truncation,T,98.9%,WP_010873103.1,A,,,1.1%,35,
G,488230,488230,1,AMP-binding protein CDS,AMP-binding protein,764,T -> G,SGL_RS04190,SNP (transversion),Substitution,G,100.0%,WP_014407070.1,T,F -> C,TTC -> TGC,,36,
T,842060,842060,1,rplC CDS,50S ribosomal protein L3,554,C -> T,SGL_RS05850,SNP (transition),Substitution,T,100.0%,WP_010871979.1,C,R -> Q,CGG -> CAG,,36,rplC
A,943495,943495,1,psaA CDS,photosystem I core protein PsaA,1810,G -> A,SGL_RS06305,SNP (transition),Substitution,A,100.0%,WP_010872067.1,G,V -> I,GTC -> ATC,,35,psaA
T,1012958,1012958,1,,,,G -> T,,SNP (transversion),,T,100.0%,,G,,,,35,
G,1364187,1364187,1,pyrF CDS,orotidine-5'-phosphate decarboxylase,346,A -> G,SGL_RS08270,SNP (transition),None,G,100.0%,WP_010872442.1,A,,TTG -> CTG,,36,pyrF
G,1944928,1944928,1,ABC-2 family transporter protein CDS,ABC-2 family transporter protein,343,C -> G,SGL_RS11075,SNP (transversion),Substitution,G,100.0%,WP_010872970.1,C,R -> G,CGC -> GGC,,35,
C,2198893,2198893,1,efflux RND transporter permease subunit CDS,efflux RND transporter permease subunit,2067,T -> C,SGL_RS12200,SNP (transition),None,C,100.0%,WP_010873185.1,T,,TTA -> TTG,,36,
G,2301721,2301721,1,DUF4114 domain-containing protein CDS,DUF4114 domain-containing protein,1207,A -> G,SGL_RS12680,SNP (transition),Substitution,G,100.0%,WP_010873276.1,A,K -> E,AAG -> GAG,,36,
A,2602717,2602717,1,abortive infection system antitoxin AbiGi familyprotein CDS,abortive infection system antitoxin AbiGi familyprotein,60,C -> A,SGL_RS14005,SNP (transversion),Substitution,A,100.0%,WP_223211283.1,C,H -> Q,CAC -> CAA,,35,
A,2602734,2602734,1,abortive infection system antitoxin AbiGi familyprotein CDS,abortive infection system antitoxin AbiGi familyprotein,77,T -> A,SGL_RS14005,SNP (transversion),Substitution,A,100.0%,WP_223211283.1,T,I -> N,ATT -> AAT,,35,
T,2748897,2748897,1,,,,C -> T,,SNP (transition),,T,100.0%,,C,,,,35,
G,3142651,3142651,1,HAD-IIB family hydrolase CDS,HAD-IIB family hydrolase,225,A -> G,SGL_RS16460,SNP (transition),None,G,100.0%,WP_010874006.1,A,,CTT -> CTC,,36,
