Strain,Minimum,Maximum,Length,CDS,product,CDS Position,Change,locus_tag,Polymorphism Type,Protein Effect,Variant Nucleotide(s),Variant Frequency,protein_id,Reference Nucleotide(s),Amino Acid Change,Codon Change,Reference Frequency,Reference Genome
mvR1_Nixon,3276813,3276813,1,,,,#NAME?,,Deletion,,,94.50%,,A,,,,NZCP094998
mvR1_Nixon,3063463,3063463,1,DUF305 domain-containing protein CDS,DUF305 domain-containing protein,387,C -> A,MT986_RS14390,SNP (transversion),Substitution,A,66.70%,WP_010873937.1,C,E -> D,GAG -> GAT,33.20%,NZCP094998
mvR1_Nixon,3062406,3062406,1,sensor histidine kinase RppB CDS,sensor histidine kinase RppB,162,C -> T,MT986_RS14380,SNP (transition),,T,65.40%,WP_010873935.1,C,,GGG -> GGA,34.50%,NZCP094998
mvR1_Nixon,2995518,2995518,1,transposase CDS,transposase,205,G -> A,MT986_RS14090,SNP (transition),Substitution,A,51.60%,WP_010873882.1,G,P -> S,CCG -> TCG,48.30%,NZCP094998
mvR1_Nixon,2995491,2995491,1,transposase CDS,transposase,232,A -> G,MT986_RS14090,SNP (transition),Substitution,G,55.60%,WP_010873882.1,A,Y -> H,TAT -> CAT,44.40%,NZCP094998
mvR1_Nixon,2995454,2995454,1,transposase CDS,transposase,269,T -> C,MT986_RS14090,SNP (transition),Extension,C,60.20%,WP_010873882.1,T,,,39.80%,NZCP094998
mvR1_Nixon,2995393,2995393,1,,,,A -> G,,SNP (transition),,G,51.00%,,A,,,48.80%,NZCP094998
mvR1_Nixon,1971232,1971232,1,IS701 family transposase CDS,IS701 family transposase,354,T -> C,MT986_RS09380,SNP (transition),,C,68.40%,WP_071822654.1,T,,AGT -> AGC,31.60%,NZCP094998
mvR1_Nixon,1864741,1864741,1,pilM CDS,type IV pilus assembly protein PilM,266,T -> A,MT986_RS08870,SNP (transversion),Substitution,A,99.60%,WP_244788302.1,T,V -> E,GTA -> GAA,0.20%,NZCP094998
mvR1_Nixon,1852145,1852145,1,peptidase domain-containing ABC transporter CDS,peptidase domain-containing ABC transporter,416,A -> G,MT986_RS08820,SNP (transition),Substitution,G,100.00%,WP_010872887.1,A,L -> P,CTA -> CCA,,NZCP094998
mvR1_Nixon,1453891,1453891,1,Rpn family nuclease/putative transposase CDS,Rpn family nuclease/putative transposase,172,T -> C,MT986_RS06865,SNP (transition),,C,74.50%,WP_010872524.1,T,,TTG -> CTG,25.40%,NZCP094998
mvR1_Nixon,1453857,1453857,1,Rpn family nuclease/putative transposase CDS,Rpn family nuclease/putative transposase,138,A -> G,MT986_RS06865,SNP (transition),,G,76.10%,WP_010872524.1,A,,CTA -> CTG,23.90%,NZCP094998
mvR1_Nixon,1210633,1210633,1,Rpn family nuclease/putative transposase CDS,Rpn family nuclease/putative transposase,606,G -> A,MT986_RS05665,SNP (transition),,A,57.60%,WP_010872295.1,G,,GTC -> GTT,42.30%,NZCP094998
mvR1_Nixon,1210452,1210452,1,,,,G -> A,,SNP (transition),,A,55.50%,,G,,,44.50%,NZCP094998
mvR1_Nixon,1031115,1031115,1,,,,C -> T,,SNP (transition),,T,99.80%,,C,,,,NZCP094998
mvR1_Nixon,1014493,1014493,1,,,,G -> C,,SNP (transversion),,C,100.00%,,G,,,,NZCP094998
mvR1_Nixon,527519,527519,1,CHAT domain-containing protein CDS,CHAT domain-containing protein,3138,G -> A,MT986_RS02480,SNP (transition),,A,84.60%,WP_223211333.1,G,,GAG -> GAA,15.40%,NZCP094998
mvR1_Nixon,527516,527516,1,CHAT domain-containing protein CDS,CHAT domain-containing protein,3135,C -> G,MT986_RS02480,SNP (transversion),,G,92.30%,WP_223211333.1,C,,CCC -> CCG,7.70%,NZCP094998
mvR1_Nixon,488230,488230,1,AMP-binding protein CDS,AMP-binding protein,764,T -> G,MT986_RS02340,SNP (transversion),Substitution,G,99.60%,WP_014407070.1,T,F -> C,TTC -> TGC,0.20%,NZCP094998
mvR2_Nixon,3062737,3062737,1,response regulator RppA CDS,response regulator RppA,516,A -> G,MT986_RS14385,SNP (transition),,G,57.10%,WP_010873936.1,A,,CTT -> CTC,42.80%,NZCP094998
mvR2_Nixon,3062725,3062725,1,response regulator RppA CDS,response regulator RppA,528,C -> T,MT986_RS14385,SNP (transition),,T,60.50%,WP_010873936.1,C,,CAG -> CAA,39.40%,NZCP094998
mvR2_Nixon,3061431,3061431,1,sensor histidine kinase RppB CDS,sensor histidine kinase RppB,1137,G -> A,MT986_RS14380,SNP (transition),,A,64.40%,WP_010873935.1,G,,GGC -> GGT,35.50%,NZCP094998
mvR2_Nixon,2995518,2995518,1,transposase CDS,transposase,205,G -> A,MT986_RS14090,SNP (transition),Substitution,A,50.40%,WP_010873882.1,G,P -> S,CCG -> TCG,49.60%,NZCP094998
mvR2_Nixon,1971232,1971232,1,IS701 family transposase CDS,IS701 family transposase,354,T -> C,MT986_RS09380,SNP (transition),,C,67.00%,WP_071822654.1,T,,AGT -> AGC,32.80%,NZCP094998
mvR2_Nixon,1864741,1864741,1,pilM CDS,type IV pilus assembly protein PilM,266,T -> A,MT986_RS08870,SNP (transversion),Substitution,A,100.00%,WP_244788302.1,T,V -> E,GTA -> GAA,,NZCP094998
mvR2_Nixon,1852145,1852145,1,peptidase domain-containing ABC transporter CDS,peptidase domain-containing ABC transporter,416,A -> G,MT986_RS08820,SNP (transition),Substitution,G,99.80%,WP_010872887.1,A,L -> P,CTA -> CCA,,NZCP094998
mvR2_Nixon,1210633,1210633,1,Rpn family nuclease/putative transposase CDS,Rpn family nuclease/putative transposase,606,G -> A,MT986_RS05665,SNP (transition),,A,60.50%,WP_010872295.1,G,,GTC -> GTT,39.50%,NZCP094998
mvR2_Nixon,527519,527519,1,CHAT domain-containing protein CDS,CHAT domain-containing protein,3138,G -> A,MT986_RS02480,SNP (transition),,A,70.00%,WP_223211333.1,G,,GAG -> GAA,30.00%,NZCP094998
mvR2_Nixon,527516,527516,1,CHAT domain-containing protein CDS,CHAT domain-containing protein,3135,C -> G,MT986_RS02480,SNP (transversion),,G,70.00%,WP_223211333.1,C,,CCC -> CCG,10.00%,NZCP094998
mvR2_Nixon,386406,386406,1,hypothetical protein CDS,hypothetical protein,230,T -> A,MT986_RS01895,SNP (transversion),Substitution,A,58.20%,WP_010871567.1,T,V -> D,GTT -> GAT,41.40%,NZCP094998
mvR2_Nixon,386401,386402,2,hypothetical protein CDS,hypothetical protein,225,TT -> CC,MT986_RS01895,Substitution,Substitution,CC,50.4% -> 51.5%,WP_010871567.1,TT,NY -> NH,"AAT,TAC -> AAC,CAC",,NZCP094998
mvR2_Nixon,285654,285654,1,Rpn family nuclease/putative transposase CDS,Rpn family nuclease/putative transposase,285,C -> T,MT986_RS01375,SNP (transition),,T,53.10%,WP_010871467.1,C,,CTG -> CTA,46.50%,NZCP094998
mvR2_Nixon,5,4,0,sds CDS,solanesyl diphosphate synthase,205,#NAME?,MT986_RS00005,Insertion,Frame Shift,AACGGCG,50.50%,WP_010871207.1,,,,,NZCP094998
mvR3_Nixon,3276813,3276813,1,,,,#NAME?,,Deletion,,,95.20%,,A,,,,NZCP094998
mvR3_Nixon,3062850,3062850,1,response regulator RppA CDS,response regulator RppA,403,A -> G,MT986_RS14385,SNP (transition),Substitution,G,50.10%,WP_010873936.1,A,W -> R,TGG -> CGG,49.90%,NZCP094998
mvR3_Nixon,2995518,2995518,1,transposase CDS,transposase,205,G -> A,MT986_RS14090,SNP (transition),Substitution,A,51.10%,WP_010873882.1,G,P -> S,CCG -> TCG,48.90%,NZCP094998
mvR3_Nixon,2995491,2995491,1,transposase CDS,transposase,232,A -> G,MT986_RS14090,SNP (transition),Substitution,G,56.10%,WP_010873882.1,A,Y -> H,TAT -> CAT,43.80%,NZCP094998
mvR3_Nixon,2044510,2044515,6,type IV pilus twitching motility protein PilT CDS,type IV pilus twitching motility protein PilT,674,#NAME?,MT986_RS09740,Deletion,Deletion,,86.8% -> 88.2%,WP_244788305.1,TGTTGA,INK -> K,"ATC,AAC,AAG -> AAG",,NZCP094998
mvR3_Nixon,1864741,1864741,1,pilM CDS,type IV pilus assembly protein PilM,266,T -> A,MT986_RS08870,SNP (transversion),Substitution,A,100.00%,WP_244788302.1,T,V -> E,GTA -> GAA,,NZCP094998
mvR3_Nixon,1852145,1852145,1,peptidase domain-containing ABC transporter CDS,peptidase domain-containing ABC transporter,416,A -> G,MT986_RS08820,SNP (transition),Substitution,G,100.00%,WP_010872887.1,A,L -> P,CTA -> CCA,,NZCP094998
mvR3_Nixon,1634207,1634207,1,acylneuraminate cytidylyltransferase CDS,acylneuraminate cytidylyltransferase,318,C -> G,MT986_RS07730,SNP (transversion),Substitution,G,100.00%,WP_010872683.1,C,S -> R,AGC -> AGG,,NZCP094998
mvR3_Nixon,1453977,1453977,1,Rpn family nuclease/putative transposase CDS,Rpn family nuclease/putative transposase,258,A -> G,MT986_RS06865,SNP (transition),,G,87.40%,WP_010872524.1,A,,AAA -> AAG,12.50%,NZCP094998
mvR3_Nixon,1453891,1453891,1,Rpn family nuclease/putative transposase CDS,Rpn family nuclease/putative transposase,172,T -> C,MT986_RS06865,SNP (transition),,C,75.00%,WP_010872524.1,T,,TTG -> CTG,24.90%,NZCP094998
mvR3_Nixon,1453857,1453857,1,Rpn family nuclease/putative transposase CDS,Rpn family nuclease/putative transposase,138,A -> G,MT986_RS06865,SNP (transition),,G,76.40%,WP_010872524.1,A,,CTA -> CTG,23.50%,NZCP094998
mvR3_Nixon,1210633,1210633,1,Rpn family nuclease/putative transposase CDS,Rpn family nuclease/putative transposase,606,G -> A,MT986_RS05665,SNP (transition),,A,61.80%,WP_010872295.1,G,,GTC -> GTT,38.10%,NZCP094998
mvR3_Nixon,1210452,1210452,1,,,,G -> A,,SNP (transition),,A,57.40%,,G,,,42.50%,NZCP094998
mvR3_Nixon,1031115,1031115,1,,,,C -> T,,SNP (transition),,T,99.70%,,C,,,,NZCP094998
mvR3_Nixon,1014493,1014493,1,,,,G -> C,,SNP (transversion),,C,100.00%,,G,,,,NZCP094998
mvR3_Nixon,842061,842061,1,rplC CDS,50S ribosomal protein L3,554,C -> T,MT986_RS04020,SNP (transition),Substitution,T,99.70%,WP_010871979.1,C,R -> Q,CGG -> CAG,0.30%,NZCP094998
mvR3_Nixon,488230,488230,1,AMP-binding protein CDS,AMP-binding protein,764,T -> G,MT986_RS02340,SNP (transversion),Substitution,G,100.00%,WP_014407070.1,T,F -> C,TTC -> TGC,,NZCP094998
mvR3_Nixon,386406,386406,1,hypothetical protein CDS,hypothetical protein,230,T -> A,MT986_RS01895,SNP (transversion),Substitution,A,57.60%,WP_010871567.1,T,V -> D,GTT -> GAT,42.40%,NZCP094998
mvR3_Nixon,386402,386402,1,hypothetical protein CDS,hypothetical protein,226,T -> C,MT986_RS01895,SNP (transition),Substitution,C,50.20%,WP_010871567.1,T,Y -> H,TAC -> CAC,49.80%,NZCP094998
mvR3_Nixon,285654,285654,1,Rpn family nuclease/putative transposase CDS,Rpn family nuclease/putative transposase,285,C -> T,MT986_RS01375,SNP (transition),,T,51.80%,WP_010871467.1,C,,CTG -> CTA,47.70%,NZCP094998
mvR6_Nixon,3276813,3276813,1,,,,#NAME?,,Deletion,,,95.30%,,A,,,,NZCP094998
mvR6_Nixon,3062725,3062725,1,response regulator RppA CDS,response regulator RppA,528,C -> T,MT986_RS14385,SNP (transition),,T,53.40%,WP_010873936.1,C,,CAG -> CAA,46.40%,NZCP094998
mvR6_Nixon,3061431,3061431,1,sensor histidine kinase RppB CDS,sensor histidine kinase RppB,1137,G -> A,MT986_RS14380,SNP (transition),,A,62.70%,WP_010873935.1,G,,GGC -> GGT,37.20%,NZCP094998
mvR6_Nixon,2995491,2995491,1,transposase CDS,transposase,232,A -> G,MT986_RS14090,SNP (transition),Substitution,G,53.70%,WP_010873882.1,A,Y -> H,TAT -> CAT,46.00%,NZCP094998
mvR6_Nixon,2995454,2995454,1,transposase CDS,transposase,269,T -> C,MT986_RS14090,SNP (transition),Extension,C,58.30%,WP_010873882.1,T,,,41.70%,NZCP094998
mvR6_Nixon,2995393,2995393,1,,,,A -> G,,SNP (transition),,G,50.80%,,A,,,49.20%,NZCP094998
mvR6_Nixon,1943747,1943747,1,ABC-2 family transporter protein CDS,ABC-2 family transporter protein,344,G -> A,MT986_RS09265,SNP (transition),Substitution,A,81.20%,WP_010872970.1,G,R -> H,CGC -> CAC,18.80%,NZCP094998
mvR6_Nixon,1864741,1864741,1,pilM CDS,type IV pilus assembly protein PilM,266,T -> A,MT986_RS08870,SNP (transversion),Substitution,A,100.00%,WP_244788302.1,T,V -> E,GTA -> GAA,,NZCP094998
mvR6_Nixon,1847825,1847825,1,HlyD family efflux transporter periplasmic adaptor subunit CDS,HlyD family efflux transporter periplasmic adaptor subunit,1544,A -> G,MT986_RS08815,SNP (transition),Substitution,G,83.10%,WP_010872886.1,A,L -> P,CTG -> CCG,16.60%,NZCP094998
mvR6_Nixon,1210897,1210897,1,Rpn family nuclease/putative transposase CDS,Rpn family nuclease/putative transposase,342,T -> C,MT986_RS05665,SNP (transition),,C,70.70%,WP_010872295.1,T,,TTA -> TTG,29.30%,NZCP094998
mvR6_Nixon,1210633,1210633,1,Rpn family nuclease/putative transposase CDS,Rpn family nuclease/putative transposase,606,G -> A,MT986_RS05665,SNP (transition),,A,57.40%,WP_010872295.1,G,,GTC -> GTT,42.50%,NZCP094998
mvR6_Nixon,1014493,1014493,1,,,,G -> C,,SNP (transversion),,C,100.00%,,G,,,,NZCP094998
mvR6_Nixon,488230,488230,1,AMP-binding protein CDS,AMP-binding protein,764,T -> G,MT986_RS02340,SNP (transversion),Substitution,G,100.00%,WP_014407070.1,T,F -> C,TTC -> TGC,,NZCP094998
mvR6_Nixon,386406,386406,1,hypothetical protein CDS,hypothetical protein,230,T -> A,MT986_RS01895,SNP (transversion),Substitution,A,56.90%,WP_010871567.1,T,V -> D,GTT -> GAT,42.80%,NZCP094998
mvR6_Nixon,386402,386402,1,hypothetical protein CDS,hypothetical protein,226,T -> C,MT986_RS01895,SNP (transition),Substitution,C,51.00%,WP_010871567.1,T,Y -> H,TAC -> CAC,49.00%,NZCP094998
mvR9_Howe,3346362,3346362,1,acnB CDS,bifunctional aconitate hydratase dehydratase,31,G -> A,MT986_RS15620,SNP (transition),Substitution,A,51.90%,WP_010874171.1,G,D -> N,GAT -> AAT,48.00%,NZCP094998
mvR9_Howe,3346362,3346362,1,acnB CDS,bifunctional aconitate hydratase dehydratase,31,G -> A,MT986_RS15620,SNP (transition),Substitution,A,51.90%,WP_010874171.1,G,D -> N,GAT -> AAT,48.00%,NZCP094998
mvR9_Howe,3346357,3346357,1,acnB CDS,bifunctional aconitate hydratase dehydratase,26,T -> C,MT986_RS15620,SNP (transition),Substitution,C,51.00%,WP_010874171.1,T,V -> A,GTT -> GCT,48.90%,NZCP094998
mvR9_Howe,3346357,3346357,1,acnB CDS,bifunctional aconitate hydratase dehydratase,26,T -> C,MT986_RS15620,SNP (transition),Substitution,C,51.00%,WP_010874171.1,T,V -> A,GTT -> GCT,48.90%,NZCP094998
mvR9_Howe,3276813,3276813,1,,,,#NAME?,,Deletion,,,94.70%,,A,,,,NZCP094998
mvR9_Howe,3276813,3276813,1,,,,#NAME?,,Deletion,,,94.70%,,A,,,,NZCP094998
mvR9_Howe,3062689,3062689,1,response regulator RppA CDS,response regulator RppA,564,A -> G,MT986_RS14385,SNP (transition),,G,64.80%,WP_010873936.1,A,,TCT -> TCC,35.20%,NZCP094998
mvR9_Howe,3062689,3062689,1,response regulator RppA CDS,response regulator RppA,564,A -> G,MT986_RS14385,SNP (transition),,G,64.80%,WP_010873936.1,A,,TCT -> TCC,35.20%,NZCP094998
mvR9_Howe,2995393,2995393,1,,,,A -> G,,SNP (transition),,G,51.70%,,A,,,48.10%,NZCP094998
mvR9_Howe,2995393,2995393,1,,,,A -> G,,SNP (transition),,G,51.70%,,A,,,48.10%,NZCP094998
mvR9_Howe,2995359,2995359,1,,,,C -> T,,SNP (transition),,T,50.40%,,C,,,49.60%,NZCP094998
mvR9_Howe,2995359,2995359,1,,,,C -> T,,SNP (transition),,T,50.40%,,C,,,49.60%,NZCP094998
mvR9_Howe,1210897,1210897,1,Rpn family nuclease/putative transposase CDS,Rpn family nuclease/putative transposase,342,T -> C,MT986_RS05665,SNP (transition),,C,69.10%,WP_010872295.1,T,,TTA -> TTG,30.90%,NZCP094998
mvR9_Howe,1210897,1210897,1,Rpn family nuclease/putative transposase CDS,Rpn family nuclease/putative transposase,342,T -> C,MT986_RS05665,SNP (transition),,C,69.10%,WP_010872295.1,T,,TTA -> TTG,30.90%,NZCP094998
mvR9_Howe,386402,386402,1,hypothetical protein CDS,hypothetical protein,226,T -> C,MT986_RS01895,SNP (transition),Substitution,C,50.00%,WP_010871567.1,T,Y -> H,TAC -> CAC,49.70%,NZCP094998
mvR9_Howe,386402,386402,1,hypothetical protein CDS,hypothetical protein,226,T -> C,MT986_RS01895,SNP (transition),Substitution,C,50.00%,WP_010871567.1,T,Y -> H,TAC -> CAC,49.70%,NZCP094998
mvR10_Howe,3062761,3062761,1,two-component system response regulator RppA CDS,two-component system response regulator RppA,492,G -> A,MT986_RS14385,SNP (transition),,A,0.507,WP_010873936.1,G,,TTC -> TTT,0.493,NZCP094998
mvR10_Howe,386401,386401,1,hypothetical protein CDS,hypothetical protein,225,T -> C,MT986_RS01895,SNP (transition),,C,0.51,WP_010871567.1,T,,AAT -> AAC,0.49,NZCP094998
mvR10_Howe,386402,386402,1,hypothetical protein CDS,hypothetical protein,226,T -> C,MT986_RS01895,SNP (transition),Substitution,C,0.531,WP_010871567.1,T,Y -> H,TAC -> CAC,0.469,NZCP094998
mvR10_Howe,285611,285611,1,Rpn family recombination-promoting nuclease/putative transposase CDS,Rpn family recombination-promoting nuclease/putative transposase,328,A -> C,MT986_RS01375,SNP (transversion),Substitution,C,0.537,WP_010871467.1,A,L -> V,TTG -> GTG,0.463,NZCP094998
mvR10_Howe,3062755,3062755,1,two-component system response regulator RppA CDS,two-component system response regulator RppA,498,T -> C,MT986_RS14385,SNP (transition),,C,0.538,WP_010873936.1,T,,AAA -> AAG,0.462,NZCP094998
mvR10_Howe,3062845,3062845,1,two-component system response regulator RppA CDS,two-component system response regulator RppA,408,C -> T,MT986_RS14385,SNP (transition),,T,0.541,WP_010873936.1,C,,TTG -> TTA,0.459,NZCP094998
mvR10_Howe,1210996,1210996,1,Rpn family recombination-promoting nuclease/putative transposase CDS,Rpn family recombination-promoting nuclease/putative transposase,243,A -> G,MT986_RS05665,SNP (transition),,G,0.549,WP_010872295.1,A,,CGT -> CGC,0.451,NZCP094998
mvR10_Howe,1210452,1210452,1,,,,G -> A,,SNP (transition),,A,0.554,,G,,,0.446,NZCP094998
mvR10_Howe,2996236,2996236,1,IS701 family transposase CDS,IS701 family transposase,332,A -> G,MT986_RS14095,SNP (transition),Substitution,G,0.554,WP_010873883.1,A,I -> T,ATA -> ACA,0.446,NZCP094998
mvR10_Howe,3062746,3062746,1,two-component system response regulator RppA CDS,two-component system response regulator RppA,507,C -> T,MT986_RS14385,SNP (transition),,T,0.558,WP_010873936.1,C,,CAG -> CAA,0.442,NZCP094998
mvR10_Howe,1453941,1453941,1,Rpn family recombination-promoting nuclease/putative transposase CDS,Rpn family recombination-promoting nuclease/putative transposase,222,C -> T,MT986_RS06865,SNP (transition),,T,0.571,WP_010872524.1,C,,GAC -> GAT,0.429,NZCP094998
mvR10_Howe,3062848,3062850,2,two-component system response regulator RppA CDS,two-component system response regulator RppA,403,CCA -> TCG,MT986_RS14385,Substitution,Substitution,TCG,57.9% -> 59.5%,WP_010873936.1,CCA,W -> R,TGG -> CGA,,NZCP094998
mvR10_Howe,1971227,1971227,1,IS701 family transposase CDS,IS701 family transposase,349,C -> T,MT986_RS09380,SNP (transition),Substitution,T,0.589,WP_071822654.1,C,R -> W,CGG -> TGG,0.411,NZCP094998
mvR10_Howe,1210633,1210633,1,Rpn family recombination-promoting nuclease/putative transposase CDS,Rpn family recombination-promoting nuclease/putative transposase,606,G -> A,MT986_RS05665,SNP (transition),,A,0.597,WP_010872295.1,G,,GTC -> GTT,0.403,NZCP094998
mvR10_Howe,3062737,3062737,1,two-component system response regulator RppA CDS,two-component system response regulator RppA,516,A -> G,MT986_RS14385,SNP (transition),,G,0.601,WP_010873936.1,A,,CTT -> CTC,0.399,NZCP094998
mvR10_Howe,1210510,1210510,1,Rpn family recombination-promoting nuclease/putative transposase CDS,Rpn family recombination-promoting nuclease/putative transposase,729,C -> T,MT986_RS05665,SNP (transition),,T,0.611,WP_010872295.1,C,,GAG -> GAA,0.389,NZCP094998
mvR10_Howe,3062854,3062856,2,two-component system response regulator RppA CDS,two-component system response regulator RppA,397,TTG -> GTC,MT986_RS14385,Substitution,Substitution,GTC,62.0% -> 62.3%,WP_010873936.1,TTG,Q -> D,CAA -> GAC,,NZCP094998
mvR10_Howe,1210894,1210894,1,Rpn family recombination-promoting nuclease/putative transposase CDS,Rpn family recombination-promoting nuclease/putative transposase,345,G -> A,MT986_RS05665,SNP (transition),,A,0.626,WP_010872295.1,G,,CAC -> CAT,0.374,NZCP094998
mvR10_Howe,3061380,3061380,1,two-component system sensor histidine kinase RppB CDS,two-component system sensor histidine kinase RppB,1188,G -> A,MT986_RS14380,SNP (transition),,A,0.648,WP_010873935.1,G,,GAC -> GAT,0.352,NZCP094998
mvR10_Howe,1454194,1454194,1,Rpn family recombination-promoting nuclease/putative transposase CDS,Rpn family recombination-promoting nuclease/putative transposase,475,T -> C,MT986_RS06865,SNP (transition),,C,0.65,WP_010872524.1,T,,TTG -> CTG,0.35,NZCP094998
mvR10_Howe,1454193,1454193,1,Rpn family recombination-promoting nuclease/putative transposase CDS,Rpn family recombination-promoting nuclease/putative transposase,474,A -> G,MT986_RS06865,SNP (transition),,G,0.652,WP_010872524.1,A,,GTA -> GTG,0.348,NZCP094998
mvR10_Howe,3063106,3063106,1,two-component system response regulator RppA CDS,two-component system response regulator RppA,147,C -> T,MT986_RS14385,SNP (transition),,T,0.652,WP_010873936.1,C,,CTG -> CTA,0.348,NZCP094998
mvR10_Howe,3063109,3063109,1,two-component system response regulator RppA CDS,two-component system response regulator RppA,144,G -> C,MT986_RS14385,SNP (transversion),,C,0.654,WP_010873936.1,G,,ACC -> ACG,0.346,NZCP094998
mvR10_Howe,3062725,3062725,1,two-component system response regulator RppA CDS,two-component system response regulator RppA,528,C -> T,MT986_RS14385,SNP (transition),,T,0.659,WP_010873936.1,C,,CAG -> CAA,0.341,NZCP094998
mvR10_Howe,1453959,1453959,1,Rpn family recombination-promoting nuclease/putative transposase CDS,Rpn family recombination-promoting nuclease/putative transposase,240,T -> C,MT986_RS06865,SNP (transition),,C,0.663,WP_010872524.1,T,,TAT -> TAC,0.337,NZCP094998
mvR10_Howe,3061431,3061431,1,two-component system sensor histidine kinase RppB CDS,two-component system sensor histidine kinase RppB,1137,G -> A,MT986_RS14380,SNP (transition),,A,0.666,WP_010873935.1,G,,GGC -> GGT,0.334,NZCP094998
mvR10_Howe,3063124,3063124,1,two-component system response regulator RppA CDS,two-component system response regulator RppA,129,G -> A,MT986_RS14385,SNP (transition),,A,0.667,WP_010873936.1,G,,GGC -> GGT,0.333,NZCP094998
mvR10_Howe,3062390,3062390,1,two-component system sensor histidine kinase RppB CDS,two-component system sensor histidine kinase RppB,178,A -> G,MT986_RS14380,SNP (transition),,G,0.675,WP_010873935.1,A,,TTG -> CTG,0.325,NZCP094998
mvR10_Howe,3062421,3062423,2,two-component system sensor histidine kinase RppB CDS,two-component system sensor histidine kinase RppB,145,AAG -> TAA,MT986_RS14380,Substitution,,TAA,67.7% -> 68.3%,WP_010873935.1,AAG,,CTT -> TTA,,NZCP094998
mvR10_Howe,3062349,3062349,1,two-component system sensor histidine kinase RppB CDS,two-component system sensor histidine kinase RppB,219,T -> C,MT986_RS14380,SNP (transition),,C,0.678,WP_010873935.1,T,,TCA -> TCG,0.322,NZCP094998
mvR10_Howe,1210897,1210897,1,Rpn family recombination-promoting nuclease/putative transposase CDS,Rpn family recombination-promoting nuclease/putative transposase,342,T -> C,MT986_RS05665,SNP (transition),,C,0.679,WP_010872295.1,T,,TTA -> TTG,0.321,NZCP094998
mvR10_Howe,3062367,3062367,1,two-component system sensor histidine kinase RppB CDS,two-component system sensor histidine kinase RppB,201,T -> C,MT986_RS14380,SNP (transition),,C,0.681,WP_010873935.1,T,,CCA -> CCG,0.319,NZCP094998
mvR10_Howe,3062403,3062403,1,two-component system sensor histidine kinase RppB CDS,two-component system sensor histidine kinase RppB,165,A -> G,MT986_RS14380,SNP (transition),,G,0.681,WP_010873935.1,A,,ACT -> ACC,0.319,NZCP094998
mvR10_Howe,3062424,3062424,1,two-component system sensor histidine kinase RppB CDS,two-component system sensor histidine kinase RppB,144,C -> T,MT986_RS14380,SNP (transition),,T,0.683,WP_010873935.1,C,,GAG -> GAA,0.317,NZCP094998
mvR10_Howe,3062406,3062406,1,two-component system sensor histidine kinase RppB CDS,two-component system sensor histidine kinase RppB,162,C -> T,MT986_RS14380,SNP (transition),,T,0.684,WP_010873935.1,C,,GGG -> GGA,0.315,NZCP094998
mvR10_Howe,3062414,3062414,1,two-component system sensor histidine kinase RppB CDS,two-component system sensor histidine kinase RppB,154,G -> A,MT986_RS14380,SNP (transition),,A,0.685,WP_010873935.1,G,,CTA -> TTA,0.315,NZCP094998
mvR10_Howe,3062415,3062415,1,two-component system sensor histidine kinase RppB CDS,two-component system sensor histidine kinase RppB,153,G -> A,MT986_RS14380,SNP (transition),,A,0.687,WP_010873935.1,G,,TCC -> TCT,0.313,NZCP094998
mvR10_Howe,3062409,3062409,1,two-component system sensor histidine kinase RppB CDS,two-component system sensor histidine kinase RppB,159,C -> T,MT986_RS14380,SNP (transition),,T,0.688,WP_010873935.1,C,,GCG -> GCA,0.312,NZCP094998
mvR10_Howe,1210833,1210833,1,Rpn family recombination-promoting nuclease/putative transposase CDS,Rpn family recombination-promoting nuclease/putative transposase,406,A -> G,MT986_RS05665,SNP (transition),,G,0.69,WP_010872295.1,A,,TTA -> CTA,0.31,NZCP094998
mvR10_Howe,3063085,3063085,1,two-component system response regulator RppA CDS,two-component system response regulator RppA,168,C -> T,MT986_RS14385,SNP (transition),,T,0.691,WP_010873936.1,C,,GTG -> GTA,0.309,NZCP094998
mvR10_Howe,1210828,1210828,1,Rpn family recombination-promoting nuclease/putative transposase CDS,Rpn family recombination-promoting nuclease/putative transposase,411,T -> C,MT986_RS05665,SNP (transition),,C,0.698,WP_010872295.1,T,,TTA -> TTG,0.302,NZCP094998
mvR10_Howe,3062938,3062938,1,two-component system response regulator RppA CDS,two-component system response regulator RppA,315,A -> G,MT986_RS14385,SNP (transition),,G,0.698,WP_010873936.1,A,,TTT -> TTC,0.302,NZCP094998
mvR10_Howe,3062418,3062418,1,two-component system sensor histidine kinase RppB CDS,two-component system sensor histidine kinase RppB,150,A -> G,MT986_RS14380,SNP (transition),,G,0.699,WP_010873935.1,A,,ACT -> ACC,0.301,NZCP094998
mvR10_Howe,3062947,3062947,1,two-component system response regulator RppA CDS,two-component system response regulator RppA,306,G -> A,MT986_RS14385,SNP (transition),,A,0.699,WP_010873936.1,G,,ATC -> ATT,0.3,NZCP094998
mvR10_Howe,1454118,1454118,1,Rpn family recombination-promoting nuclease/putative transposase CDS,Rpn family recombination-promoting nuclease/putative transposase,399,T -> C,MT986_RS06865,SNP (transition),,C,0.702,WP_010872524.1,T,,AGT -> AGC,0.298,NZCP094998
mvR10_Howe,3062989,3062989,1,two-component system response regulator RppA CDS,two-component system response regulator RppA,264,A -> G,MT986_RS14385,SNP (transition),,G,0.704,WP_010873936.1,A,,GAT -> GAC,0.296,NZCP094998
mvR10_Howe,1971232,1971232,1,IS701 family transposase CDS,IS701 family transposase,354,T -> C,MT986_RS09380,SNP (transition),,C,0.71,WP_071822654.1,T,,AGT -> AGC,0.29,NZCP094998
mvR10_Howe,3063463,3063463,1,DUF305 domain-containing protein CDS,DUF305 domain-containing protein,387,C -> A,MT986_RS14390,SNP (transversion),Substitution,A,0.711,WP_010873937.1,C,E -> D,GAG -> GAT,0.289,NZCP094998
mvR10_Howe,3062917,3062917,1,two-component system response regulator RppA CDS,two-component system response regulator RppA,336,A -> G,MT986_RS14385,SNP (transition),,G,0.714,WP_010873936.1,A,,GCT -> GCC,0.286,NZCP094998
mvR10_Howe,3063073,3063073,1,two-component system response regulator RppA CDS,two-component system response regulator RppA,180,T -> C,MT986_RS14385,SNP (transition),,C,0.714,WP_010873936.1,T,,TCA -> TCG,0.286,NZCP094998
mvR10_Howe,3063689,3063689,1,DUF305 domain-containing protein CDS,DUF305 domain-containing protein,161,A -> G,MT986_RS14390,SNP (transition),Substitution,G,0.722,WP_010873937.1,A,I -> T,ATT -> ACT,0.276,NZCP094998
mvR10_Howe,1454022,1454022,1,Rpn family recombination-promoting nuclease/putative transposase CDS,Rpn family recombination-promoting nuclease/putative transposase,303,T -> C,MT986_RS06865,SNP (transition),,C,0.73,WP_010872524.1,T,,GAT -> GAC,0.27,NZCP094998
mvR10_Howe,1210741,1210741,1,Rpn family recombination-promoting nuclease/putative transposase CDS,Rpn family recombination-promoting nuclease/putative transposase,498,C -> T,MT986_RS05665,SNP (transition),,T,0.733,WP_010872295.1,C,,CGG -> CGA,0.267,NZCP094998
mvR10_Howe,1453818,1453818,1,Rpn family recombination-promoting nuclease/putative transposase CDS,Rpn family recombination-promoting nuclease/putative transposase,99,A -> G,MT986_RS06865,SNP (transition),,G,0.743,WP_010872524.1,A,,CCA -> CCG,0.257,NZCP094998
mvR10_Howe,1454262,1454262,1,Rpn family recombination-promoting nuclease/putative transposase CDS,Rpn family recombination-promoting nuclease/putative transposase,543,C -> T,MT986_RS06865,SNP (transition),,T,0.76,WP_010872524.1,C,,ATC -> ATT,0.24,NZCP094998
mvR10_Howe,1210645,1210645,1,Rpn family recombination-promoting nuclease/putative transposase CDS,Rpn family recombination-promoting nuclease/putative transposase,594,T -> C,MT986_RS05665,SNP (transition),,C,0.769,WP_010872295.1,T,,AAA -> AAG,0.231,NZCP094998
mvR10_Howe,1453857,1453857,1,Rpn family recombination-promoting nuclease/putative transposase CDS,Rpn family recombination-promoting nuclease/putative transposase,138,A -> G,MT986_RS06865,SNP (transition),,G,0.776,WP_010872524.1,A,,CTA -> CTG,0.224,NZCP094998
mvR10_Howe,1453891,1453891,1,Rpn family recombination-promoting nuclease/putative transposase CDS,Rpn family recombination-promoting nuclease/putative transposase,172,T -> C,MT986_RS06865,SNP (transition),,C,0.778,WP_010872524.1,T,,TTG -> CTG,0.222,NZCP094998
mvR10_Howe,1453845,1453845,1,Rpn family recombination-promoting nuclease/putative transposase CDS,Rpn family recombination-promoting nuclease/putative transposase,126,G -> C,MT986_RS06865,SNP (transversion),,C,0.78,WP_010872524.1,G,,CGG -> CGC,0.22,NZCP094998
mvR10_Howe,1454125,1454127,2,Rpn family recombination-promoting nuclease/putative transposase CDS,Rpn family recombination-promoting nuclease/putative transposase,406,TTG -> CTA,MT986_RS06865,Substitution,,CTA,82.2% -> 82.6%,WP_010872524.1,TTG,,TTG -> CTA,,NZCP094998
mvR10_Howe,1453977,1453977,1,Rpn family recombination-promoting nuclease/putative transposase CDS,Rpn family recombination-promoting nuclease/putative transposase,258,A -> G,MT986_RS06865,SNP (transition),,G,0.823,WP_010872524.1,A,,AAA -> AAG,0.177,NZCP094998
mvR10_Howe,1510329,1510329,1,hypothetical protein CDS,hypothetical protein,295,G -> C,MT986_RS07105,SNP (transversion),Substitution,C,0.848,WP_010872567.1,G,A -> P,GCA -> CCA,0.146,NZCP094998
mvR10_Howe,2044511,2044513,3,type IV pilus twitching motility protein PilT CDS,type IV pilus twitching motility protein PilT,676,#NAME?,MT986_RS09740,Deletion,Deletion,,85.1% -> 86.0%,WP_244788305.1,GTT,N -> ,AAC -> ,,NZCP094998
mvR10_Howe,2044514,2044515,2,type IV pilus twitching motility protein PilT CDS,type IV pilus twitching motility protein PilT,674,#NAME?,MT986_RS09740,Deletion,Frame Shift,,0.856,WP_244788305.1,GA,,,,NZCP094998
mvR10_Howe,2398175,2398175,1,sugar porter family MFS transporter CDS,sugar porter family MFS transporter,85,(C)8 -> (C)7,MT986_RS11250,Deletion (tandem repeat),Frame Shift,,0.858,,C,,,,NZCP094998
mvR10_Howe,2044510,2044510,1,type IV pilus twitching motility protein PilT CDS,type IV pilus twitching motility protein PilT,679,#NAME?,MT986_RS09740,Deletion,Frame Shift,,0.88,WP_244788305.1,T,,,,NZCP094998
mvR10_Howe,3276813,3276813,1,,,,#NAME?,,Deletion,,,0.883,,A,,,,NZCP094998
mvR10_Howe,2465934,2465934,1,ATP-dependent Clp protease ATP-binding subunit CDS,ATP-dependent Clp protease ATP-binding subunit,580,T -> G,MT986_RS11600,SNP (transversion),Substitution,G,0.987,WP_244788308.1,T,K -> Q,AAG -> CAG,0.013,NZCP094998
mvR10_Howe,1290832,1290832,1,DUF29 domain-containing protein CDS,DUF29 domain-containing protein,384,A -> G,MT986_RS06095,SNP (transition),,G,1,WP_010872375.1,A,,TCA -> TCG,,NZCP094998
mvR10_Howe,1840411,1840411,1,MFS transporter CDS,MFS transporter,1098,A -> G,MT986_RS08775,SNP (transition),,G,1,WP_010872879.1,A,,CTT -> CTC,,NZCP094998
mvR10_Howe,1943746,1943746,1,ABC-2 family transporter protein CDS,ABC-2 family transporter protein,343,C -> G,MT986_RS09265,SNP (transversion),Substitution,G,1,WP_010872970.1,C,R -> G,CGC -> GGC,,NZCP094998
mvR11_Howe,3062737,3062737,1,two-component system response regulator RppA CDS,two-component system response regulator RppA,516,A -> G,MT986_RS14385,SNP (transition),,G,0.501,WP_010873936.1,A,,CTT -> CTC,0.499,NZCP094998
mvR11_Howe,1210510,1210510,1,Rpn family recombination-promoting nuclease/putative transposase CDS,Rpn family recombination-promoting nuclease/putative transposase,729,C -> T,MT986_RS05665,SNP (transition),,T,0.53,WP_010872295.1,C,,GAG -> GAA,0.47,NZCP094998
mvR11_Howe,3063106,3063106,1,two-component system response regulator RppA CDS,two-component system response regulator RppA,147,C -> T,MT986_RS14385,SNP (transition),,T,0.533,WP_010873936.1,C,,CTG -> CTA,0.467,NZCP094998
mvR11_Howe,1971232,1971232,1,IS701 family transposase CDS,IS701 family transposase,354,T -> C,MT986_RS09380,SNP (transition),,C,0.536,WP_071822654.1,T,,AGT -> AGC,0.464,NZCP094998
mvR11_Howe,3063109,3063109,1,two-component system response regulator RppA CDS,two-component system response regulator RppA,144,G -> C,MT986_RS14385,SNP (transversion),,C,0.541,WP_010873936.1,G,,ACC -> ACG,0.459,NZCP094998
mvR11_Howe,3063265,3063265,1,DUF305 domain-containing protein CDS,DUF305 domain-containing protein,585,A -> G,MT986_RS14390,SNP (transition),,G,0.544,WP_010873937.1,A,,GGT -> GGC,0.454,NZCP094998
mvR11_Howe,3063085,3063085,1,two-component system response regulator RppA CDS,two-component system response regulator RppA,168,C -> T,MT986_RS14385,SNP (transition),,T,0.547,WP_010873936.1,C,,GTG -> GTA,0.453,NZCP094998
mvR11_Howe,3062725,3062725,1,two-component system response regulator RppA CDS,two-component system response regulator RppA,528,C -> T,MT986_RS14385,SNP (transition),,T,0.55,WP_010873936.1,C,,CAG -> CAA,0.45,NZCP094998
mvR11_Howe,3063124,3063124,1,two-component system response regulator RppA CDS,two-component system response regulator RppA,129,G -> A,MT986_RS14385,SNP (transition),,A,0.556,WP_010873936.1,G,,GGC -> GGT,0.444,NZCP094998
mvR11_Howe,3063073,3063073,1,two-component system response regulator RppA CDS,two-component system response regulator RppA,180,T -> C,MT986_RS14385,SNP (transition),,C,0.563,WP_010873936.1,T,,TCA -> TCG,0.438,NZCP094998
mvR11_Howe,3062414,3062414,1,two-component system sensor histidine kinase RppB CDS,two-component system sensor histidine kinase RppB,154,G -> A,MT986_RS14380,SNP (transition),,A,0.567,WP_010873935.1,G,,CTA -> TTA,0.433,NZCP094998
mvR11_Howe,3061380,3061380,1,two-component system sensor histidine kinase RppB CDS,two-component system sensor histidine kinase RppB,1188,G -> A,MT986_RS14380,SNP (transition),,A,0.569,WP_010873935.1,G,,GAC -> GAT,0.431,NZCP094998
mvR11_Howe,3062403,3062403,1,two-component system sensor histidine kinase RppB CDS,two-component system sensor histidine kinase RppB,165,A -> G,MT986_RS14380,SNP (transition),,G,0.571,WP_010873935.1,A,,ACT -> ACC,0.429,NZCP094998
mvR11_Howe,3062415,3062415,1,two-component system sensor histidine kinase RppB CDS,two-component system sensor histidine kinase RppB,153,G -> A,MT986_RS14380,SNP (transition),,A,0.572,WP_010873935.1,G,,TCC -> TCT,0.428,NZCP094998
mvR11_Howe,3062406,3062406,1,two-component system sensor histidine kinase RppB CDS,two-component system sensor histidine kinase RppB,162,C -> T,MT986_RS14380,SNP (transition),,T,0.573,WP_010873935.1,C,,GGG -> GGA,0.427,NZCP094998
mvR11_Howe,3062390,3062390,1,two-component system sensor histidine kinase RppB CDS,two-component system sensor histidine kinase RppB,178,A -> G,MT986_RS14380,SNP (transition),,G,0.576,WP_010873935.1,A,,TTG -> CTG,0.424,NZCP094998
mvR11_Howe,3062409,3062409,1,two-component system sensor histidine kinase RppB CDS,two-component system sensor histidine kinase RppB,159,C -> T,MT986_RS14380,SNP (transition),,T,0.576,WP_010873935.1,C,,GCG -> GCA,0.421,NZCP094998
mvR11_Howe,3063689,3063689,1,DUF305 domain-containing protein CDS,DUF305 domain-containing protein,161,A -> G,MT986_RS14390,SNP (transition),Substitution,G,0.576,WP_010873937.1,A,I -> T,ATT -> ACT,0.424,NZCP094998
mvR11_Howe,3062418,3062418,1,two-component system sensor histidine kinase RppB CDS,two-component system sensor histidine kinase RppB,150,A -> G,MT986_RS14380,SNP (transition),,G,0.58,WP_010873935.1,A,,ACT -> ACC,0.42,NZCP094998
mvR11_Howe,3062421,3062423,2,two-component system sensor histidine kinase RppB CDS,two-component system sensor histidine kinase RppB,145,AAG -> TAA,MT986_RS14380,Substitution,,TAA,0.581,WP_010873935.1,AAG,,CTT -> TTA,,NZCP094998
mvR11_Howe,3062424,3062424,1,two-component system sensor histidine kinase RppB CDS,two-component system sensor histidine kinase RppB,144,C -> T,MT986_RS14380,SNP (transition),,T,0.581,WP_010873935.1,C,,GAG -> GAA,0.419,NZCP094998
mvR11_Howe,3063209,3063209,1,two-component system response regulator RppA CDS,two-component system response regulator RppA,44,G -> A,MT986_RS14385,SNP (transition),Substitution,A,0.584,WP_010873936.1,G,A -> V,GCG -> GTG,0.413,NZCP094998
mvR11_Howe,3062367,3062367,1,two-component system sensor histidine kinase RppB CDS,two-component system sensor histidine kinase RppB,201,T -> C,MT986_RS14380,SNP (transition),,C,0.585,WP_010873935.1,T,,CCA -> CCG,0.415,NZCP094998
mvR11_Howe,3062349,3062349,1,two-component system sensor histidine kinase RppB CDS,two-component system sensor histidine kinase RppB,219,T -> C,MT986_RS14380,SNP (transition),,C,0.586,WP_010873935.1,T,,TCA -> TCG,0.414,NZCP094998
mvR11_Howe,3063463,3063463,1,DUF305 domain-containing protein CDS,DUF305 domain-containing protein,387,C -> A,MT986_RS14390,SNP (transversion),Substitution,A,0.59,WP_010873937.1,C,E -> D,GAG -> GAT,0.41,NZCP094998
mvR11_Howe,3062989,3062989,1,two-component system response regulator RppA CDS,two-component system response regulator RppA,264,A -> G,MT986_RS14385,SNP (transition),,G,0.591,WP_010873936.1,A,,GAT -> GAC,0.408,NZCP094998
mvR11_Howe,3062496,3062496,1,two-component system sensor histidine kinase RppB CDS,two-component system sensor histidine kinase RppB,72,T -> A,MT986_RS14380,SNP (transversion),,A,0.594,WP_010873935.1,T,,CTA -> CTT,0.406,NZCP094998
mvR11_Howe,3062499,3062499,1,two-component system sensor histidine kinase RppB CDS,two-component system sensor histidine kinase RppB,69,C -> T,MT986_RS14380,SNP (transition),,T,0.594,WP_010873935.1,C,,GGG -> GGA,0.406,NZCP094998
mvR11_Howe,3061431,3061431,1,two-component system sensor histidine kinase RppB CDS,two-component system sensor histidine kinase RppB,1137,G -> A,MT986_RS14380,SNP (transition),,A,0.601,WP_010873935.1,G,,GGC -> GGT,0.399,NZCP094998
mvR11_Howe,1210897,1210897,1,Rpn family recombination-promoting nuclease/putative transposase CDS,Rpn family recombination-promoting nuclease/putative transposase,342,T -> C,MT986_RS05665,SNP (transition),,C,0.603,WP_010872295.1,T,,TTA -> TTG,0.397,NZCP094998
mvR11_Howe,1454193,1454193,1,Rpn family recombination-promoting nuclease/putative transposase CDS,Rpn family recombination-promoting nuclease/putative transposase,474,A -> G,MT986_RS06865,SNP (transition),,G,0.603,WP_010872524.1,A,,GTA -> GTG,0.397,NZCP094998
mvR11_Howe,3062608,3062608,1,two-component system response regulator RppA CDS,two-component system response regulator RppA,645,G -> A,MT986_RS14385,SNP (transition),,A,0.606,WP_010873936.1,G,,ACC -> ACT,0.394,NZCP094998
mvR11_Howe,1454194,1454194,1,Rpn family recombination-promoting nuclease/putative transposase CDS,Rpn family recombination-promoting nuclease/putative transposase,475,T -> C,MT986_RS06865,SNP (transition),,C,0.607,WP_010872524.1,T,,TTG -> CTG,0.393,NZCP094998
mvR11_Howe,3062689,3062689,1,two-component system response regulator RppA CDS,two-component system response regulator RppA,564,A -> G,MT986_RS14385,SNP (transition),,G,0.612,WP_010873936.1,A,,TCT -> TCC,0.388,NZCP094998
mvR11_Howe,1453959,1453959,1,Rpn family recombination-promoting nuclease/putative transposase CDS,Rpn family recombination-promoting nuclease/putative transposase,240,T -> C,MT986_RS06865,SNP (transition),,C,0.62,WP_010872524.1,T,,TAT -> TAC,0.38,NZCP094998
mvR11_Howe,3062917,3062917,1,two-component system response regulator RppA CDS,two-component system response regulator RppA,336,A -> G,MT986_RS14385,SNP (transition),,G,0.62,WP_010873936.1,A,,GCT -> GCC,0.38,NZCP094998
mvR11_Howe,3062677,3062677,1,two-component system response regulator RppA CDS,two-component system response regulator RppA,576,G -> A,MT986_RS14385,SNP (transition),,A,0.622,WP_010873936.1,G,,GTC -> GTT,0.378,NZCP094998
mvR11_Howe,3062947,3062947,1,two-component system response regulator RppA CDS,two-component system response regulator RppA,306,G -> A,MT986_RS14385,SNP (transition),,A,0.622,WP_010873936.1,G,,ATC -> ATT,0.378,NZCP094998
mvR11_Howe,3062938,3062938,1,two-component system response regulator RppA CDS,two-component system response regulator RppA,315,A -> G,MT986_RS14385,SNP (transition),,G,0.633,WP_010873936.1,A,,TTT -> TTC,0.367,NZCP094998
mvR11_Howe,1210833,1210833,1,Rpn family recombination-promoting nuclease/putative transposase CDS,Rpn family recombination-promoting nuclease/putative transposase,406,A -> G,MT986_RS05665,SNP (transition),,G,0.653,WP_010872295.1,A,,TTA -> CTA,0.348,NZCP094998
mvR11_Howe,1210828,1210828,1,Rpn family recombination-promoting nuclease/putative transposase CDS,Rpn family recombination-promoting nuclease/putative transposase,411,T -> C,MT986_RS05665,SNP (transition),,C,0.656,WP_010872295.1,T,,TTA -> TTG,0.344,NZCP094998
mvR11_Howe,1210741,1210741,1,Rpn family recombination-promoting nuclease/putative transposase CDS,Rpn family recombination-promoting nuclease/putative transposase,498,C -> T,MT986_RS05665,SNP (transition),,T,0.668,WP_010872295.1,C,,CGG -> CGA,0.332,NZCP094998
mvR11_Howe,1453818,1453818,1,Rpn family recombination-promoting nuclease/putative transposase CDS,Rpn family recombination-promoting nuclease/putative transposase,99,A -> G,MT986_RS06865,SNP (transition),,G,0.668,WP_010872524.1,A,,CCA -> CCG,0.332,NZCP094998
mvR11_Howe,1453845,1453845,1,Rpn family recombination-promoting nuclease/putative transposase CDS,Rpn family recombination-promoting nuclease/putative transposase,126,G -> C,MT986_RS06865,SNP (transversion),,C,0.71,WP_010872524.1,G,,CGG -> CGC,0.29,NZCP094998
mvR11_Howe,1210645,1210645,1,Rpn family recombination-promoting nuclease/putative transposase CDS,Rpn family recombination-promoting nuclease/putative transposase,594,T -> C,MT986_RS05665,SNP (transition),,C,0.72,WP_010872295.1,T,,AAA -> AAG,0.278,NZCP094998
mvR11_Howe,1453891,1453891,1,Rpn family recombination-promoting nuclease/putative transposase CDS,Rpn family recombination-promoting nuclease/putative transposase,172,T -> C,MT986_RS06865,SNP (transition),,C,0.725,WP_010872524.1,T,,TTG -> CTG,0.275,NZCP094998
mvR11_Howe,1453773,1453773,1,Rpn family recombination-promoting nuclease/putative transposase CDS,Rpn family recombination-promoting nuclease/putative transposase,54,T -> C,MT986_RS06865,SNP (transition),,C,0.735,WP_010872524.1,T,,GCT -> GCC,0.265,NZCP094998
mvR11_Howe,1453857,1453857,1,Rpn family recombination-promoting nuclease/putative transposase CDS,Rpn family recombination-promoting nuclease/putative transposase,138,A -> G,MT986_RS06865,SNP (transition),,G,0.743,WP_010872524.1,A,,CTA -> CTG,0.257,NZCP094998
mvR11_Howe,1453977,1453977,1,Rpn family recombination-promoting nuclease/putative transposase CDS,Rpn family recombination-promoting nuclease/putative transposase,258,A -> G,MT986_RS06865,SNP (transition),,G,0.77,WP_010872524.1,A,,AAA -> AAG,0.227,NZCP094998
mvR11_Howe,1454127,1454127,1,Rpn family recombination-promoting nuclease/putative transposase CDS,Rpn family recombination-promoting nuclease/putative transposase,408,G -> A,MT986_RS06865,SNP (transition),,A,0.779,WP_010872524.1,G,,TTG -> TTA,0.221,NZCP094998
mvR11_Howe,2044514,2044515,2,type IV pilus twitching motility protein PilT CDS,type IV pilus twitching motility protein PilT,674,#NAME?,MT986_RS09740,Deletion,Frame Shift,,82.1% -> 82.9%,WP_244788305.1,GA,,,,NZCP094998
mvR11_Howe,2044511,2044513,3,type IV pilus twitching motility protein PilT CDS,type IV pilus twitching motility protein PilT,676,#NAME?,MT986_RS09740,Deletion,Deletion,,82.1% -> 84.5%,WP_244788305.1,GTT,N -> ,AAC -> ,,NZCP094998
mvR11_Howe,2044510,2044510,1,type IV pilus twitching motility protein PilT CDS,type IV pilus twitching motility protein PilT,679,#NAME?,MT986_RS09740,Deletion,Frame Shift,,0.833,WP_244788305.1,T,,,,NZCP094998
mvR11_Howe,2398175,2398175,1,sugar porter family MFS transporter CDS,sugar porter family MFS transporter,85,(C)8 -> (C)7,MT986_RS11250,Deletion (tandem repeat),Frame Shift,,0.845,,C,,,,NZCP094998
mvR11_Howe,3276813,3276813,1,,,,#NAME?,,Deletion,,,0.924,,A,,,,NZCP094998
mvR11_Howe,2465934,2465934,1,ATP-dependent Clp protease ATP-binding subunit CDS,ATP-dependent Clp protease ATP-binding subunit,580,T -> G,MT986_RS11600,SNP (transversion),Substitution,G,0.974,WP_244788308.1,T,K -> Q,AAG -> CAG,0.026,NZCP094998
mvR11_Howe,1290832,1290832,1,DUF29 domain-containing protein CDS,DUF29 domain-containing protein,384,A -> G,MT986_RS06095,SNP (transition),,G,1,WP_010872375.1,A,,TCA -> TCG,,NZCP094998
mvR11_Howe,1943746,1943746,1,ABC-2 family transporter protein CDS,ABC-2 family transporter protein,343,C -> G,MT986_RS09265,SNP (transversion),Substitution,G,1,WP_010872970.1,C,R -> G,CGC -> GGC,,NZCP094998
mvR12_Howe,285611,285611,1,Rpn family recombination-promoting nuclease/putative transposase CDS,Rpn family recombination-promoting nuclease/putative transposase,328,A -> C,MT986_RS01375,SNP (transversion),Substitution,C,0.512,WP_010871467.1,A,L -> V,TTG -> GTG,0.488,NZCP094998
mvR12_Howe,3062848,3062850,2,two-component system response regulator RppA CDS,two-component system response regulator RppA,403,CCA -> TCG,MT986_RS14385,Substitution,Substitution,TCG,51.9% -> 52.4%,WP_010873936.1,CCA,W -> R,TGG -> CGA,,NZCP094998
mvR12_Howe,1904818,1904818,1,,,,A -> G,,SNP (transition),,G,0.527,,A,,,0.473,NZCP094998
mvR12_Howe,3346415,3346415,1,acnB CDS,bifunctional aconitate hydratase 2/2-methylisocitrate dehydratase,84,T -> C,MT986_RS15620,SNP (transition),,C,0.535,WP_010874171.1,T,,ACT -> ACC,0.465,NZCP094998
mvR12_Howe,3062854,3062856,2,two-component system response regulator RppA CDS,two-component system response regulator RppA,397,TTG -> GTC,MT986_RS14385,Substitution,Substitution,GTC,53.7% -> 53.8%,WP_010873936.1,TTG,Q -> D,CAA -> GAC,,NZCP094998
mvR12_Howe,1210996,1210996,1,Rpn family recombination-promoting nuclease/putative transposase CDS,Rpn family recombination-promoting nuclease/putative transposase,243,A -> G,MT986_RS05665,SNP (transition),,G,0.544,WP_010872295.1,A,,CGT -> CGC,0.456,NZCP094998
mvR12_Howe,1971227,1971227,1,IS701 family transposase CDS,IS701 family transposase,349,C -> T,MT986_RS09380,SNP (transition),Substitution,T,0.546,WP_071822654.1,C,R -> W,CGG -> TGG,0.454,NZCP094998
mvR12_Howe,3062737,3062737,1,two-component system response regulator RppA CDS,two-component system response regulator RppA,516,A -> G,MT986_RS14385,SNP (transition),,G,0.547,WP_010873936.1,A,,CTT -> CTC,0.453,NZCP094998
mvR12_Howe,1210452,1210452,1,,,,G -> A,,SNP (transition),,A,0.569,,G,,,0.431,NZCP094998
mvR12_Howe,1453980,1453980,1,Rpn family recombination-promoting nuclease/putative transposase CDS,Rpn family recombination-promoting nuclease/putative transposase,261,G -> A,MT986_RS06865,SNP (transition),,A,0.571,WP_010872524.1,G,,ACG -> ACA,0.412,NZCP094998
mvR12_Howe,1453941,1453941,1,Rpn family recombination-promoting nuclease/putative transposase CDS,Rpn family recombination-promoting nuclease/putative transposase,222,C -> T,MT986_RS06865,SNP (transition),,T,0.572,WP_010872524.1,C,,GAC -> GAT,0.428,NZCP094998
mvR12_Howe,3062725,3062725,1,two-component system response regulator RppA CDS,two-component system response regulator RppA,528,C -> T,MT986_RS14385,SNP (transition),,T,0.59,WP_010873936.1,C,,CAG -> CAA,0.41,NZCP094998
mvR12_Howe,2996236,2996236,1,IS701 family transposase CDS,IS701 family transposase,332,A -> G,MT986_RS14095,SNP (transition),Substitution,G,0.592,WP_010873883.1,A,I -> T,ATA -> ACA,0.408,NZCP094998
mvR12_Howe,1210510,1210510,1,Rpn family recombination-promoting nuclease/putative transposase CDS,Rpn family recombination-promoting nuclease/putative transposase,729,C -> T,MT986_RS05665,SNP (transition),,T,0.602,WP_010872295.1,C,,GAG -> GAA,0.398,NZCP094998
mvR12_Howe,1210633,1210633,1,Rpn family recombination-promoting nuclease/putative transposase CDS,Rpn family recombination-promoting nuclease/putative transposase,606,G -> A,MT986_RS05665,SNP (transition),,A,0.61,WP_010872295.1,G,,GTC -> GTT,0.39,NZCP094998
mvR12_Howe,1210894,1210894,1,Rpn family recombination-promoting nuclease/putative transposase CDS,Rpn family recombination-promoting nuclease/putative transposase,345,G -> A,MT986_RS05665,SNP (transition),,A,0.624,WP_010872295.1,G,,CAC -> CAT,0.376,NZCP094998
mvR12_Howe,1454193,1454193,1,Rpn family recombination-promoting nuclease/putative transposase CDS,Rpn family recombination-promoting nuclease/putative transposase,474,A -> G,MT986_RS06865,SNP (transition),,G,0.634,WP_010872524.1,A,,GTA -> GTG,0.366,NZCP094998
mvR12_Howe,1454194,1454194,1,Rpn family recombination-promoting nuclease/putative transposase CDS,Rpn family recombination-promoting nuclease/putative transposase,475,T -> C,MT986_RS06865,SNP (transition),,C,0.635,WP_010872524.1,T,,TTG -> CTG,0.365,NZCP094998
mvR12_Howe,3062403,3062403,1,two-component system sensor histidine kinase RppB CDS,two-component system sensor histidine kinase RppB,165,A -> G,MT986_RS14380,SNP (transition),,G,0.636,WP_010873935.1,A,,ACT -> ACC,0.364,NZCP094998
mvR12_Howe,3062406,3062406,1,two-component system sensor histidine kinase RppB CDS,two-component system sensor histidine kinase RppB,162,C -> T,MT986_RS14380,SNP (transition),,T,0.639,WP_010873935.1,C,,GGG -> GGA,0.361,NZCP094998
mvR12_Howe,3062414,3062414,1,two-component system sensor histidine kinase RppB CDS,two-component system sensor histidine kinase RppB,154,G -> A,MT986_RS14380,SNP (transition),,A,0.639,WP_010873935.1,G,,CTA -> TTA,0.361,NZCP094998
mvR12_Howe,3062415,3062415,1,two-component system sensor histidine kinase RppB CDS,two-component system sensor histidine kinase RppB,153,G -> A,MT986_RS14380,SNP (transition),,A,0.639,WP_010873935.1,G,,TCC -> TCT,0.361,NZCP094998
mvR12_Howe,3062677,3062677,1,two-component system response regulator RppA CDS,two-component system response regulator RppA,576,G -> A,MT986_RS14385,SNP (transition),,A,0.64,WP_010873936.1,G,,GTC -> GTT,0.36,NZCP094998
mvR12_Howe,3062689,3062689,1,two-component system response regulator RppA CDS,two-component system response regulator RppA,564,A -> G,MT986_RS14385,SNP (transition),,G,0.641,WP_010873936.1,A,,TCT -> TCC,0.359,NZCP094998
mvR12_Howe,3062409,3062409,1,two-component system sensor histidine kinase RppB CDS,two-component system sensor histidine kinase RppB,159,C -> T,MT986_RS14380,SNP (transition),,T,0.643,WP_010873935.1,C,,GCG -> GCA,0.357,NZCP094998
mvR12_Howe,3062608,3062608,1,two-component system response regulator RppA CDS,two-component system response regulator RppA,645,G -> A,MT986_RS14385,SNP (transition),,A,0.643,WP_010873936.1,G,,ACC -> ACT,0.357,NZCP094998
mvR12_Howe,3061380,3061380,1,two-component system sensor histidine kinase RppB CDS,two-component system sensor histidine kinase RppB,1188,G -> A,MT986_RS14380,SNP (transition),,A,0.644,WP_010873935.1,G,,GAC -> GAT,0.356,NZCP094998
mvR12_Howe,3062421,3062423,2,two-component system sensor histidine kinase RppB CDS,two-component system sensor histidine kinase RppB,145,AAG -> TAA,MT986_RS14380,Substitution,,TAA,64.4% -> 65.3%,WP_010873935.1,AAG,,CTT -> TTA,,NZCP094998
mvR12_Howe,3062390,3062390,1,two-component system sensor histidine kinase RppB CDS,two-component system sensor histidine kinase RppB,178,A -> G,MT986_RS14380,SNP (transition),,G,0.646,WP_010873935.1,A,,TTG -> CTG,0.354,NZCP094998
mvR12_Howe,3062418,3062418,1,two-component system sensor histidine kinase RppB CDS,two-component system sensor histidine kinase RppB,150,A -> G,MT986_RS14380,SNP (transition),,G,0.654,WP_010873935.1,A,,ACT -> ACC,0.346,NZCP094998
mvR12_Howe,3062424,3062424,1,two-component system sensor histidine kinase RppB CDS,two-component system sensor histidine kinase RppB,144,C -> T,MT986_RS14380,SNP (transition),,T,0.656,WP_010873935.1,C,,GAG -> GAA,0.344,NZCP094998
mvR12_Howe,3062639,3062639,1,two-component system response regulator RppA CDS,two-component system response regulator RppA,614,T -> C,MT986_RS14385,SNP (transition),Substitution,C,0.662,WP_010873936.1,T,E -> G,GAG -> GGG,0.338,NZCP094998
mvR12_Howe,3062367,3062367,1,two-component system sensor histidine kinase RppB CDS,two-component system sensor histidine kinase RppB,201,T -> C,MT986_RS14380,SNP (transition),,C,0.666,WP_010873935.1,T,,CCA -> CCG,0.333,NZCP094998
mvR12_Howe,1210897,1210897,1,Rpn family recombination-promoting nuclease/putative transposase CDS,Rpn family recombination-promoting nuclease/putative transposase,342,T -> C,MT986_RS05665,SNP (transition),,C,0.667,WP_010872295.1,T,,TTA -> TTG,0.333,NZCP094998
mvR12_Howe,3061431,3061431,1,two-component system sensor histidine kinase RppB CDS,two-component system sensor histidine kinase RppB,1137,G -> A,MT986_RS14380,SNP (transition),,A,0.667,WP_010873935.1,G,,GGC -> GGT,0.333,NZCP094998
mvR12_Howe,3063109,3063109,1,two-component system response regulator RppA CDS,two-component system response regulator RppA,144,G -> C,MT986_RS14385,SNP (transversion),,C,0.668,WP_010873936.1,G,,ACC -> ACG,0.332,NZCP094998
mvR12_Howe,1971232,1971232,1,IS701 family transposase CDS,IS701 family transposase,354,T -> C,MT986_RS09380,SNP (transition),,C,0.67,WP_071822654.1,T,,AGT -> AGC,0.33,NZCP094998
mvR12_Howe,3063106,3063106,1,two-component system response regulator RppA CDS,two-component system response regulator RppA,147,C -> T,MT986_RS14385,SNP (transition),,T,0.672,WP_010873936.1,C,,CTG -> CTA,0.328,NZCP094998
mvR12_Howe,3062349,3062349,1,two-component system sensor histidine kinase RppB CDS,two-component system sensor histidine kinase RppB,219,T -> C,MT986_RS14380,SNP (transition),,C,0.674,WP_010873935.1,T,,TCA -> TCG,0.326,NZCP094998
mvR12_Howe,1453959,1453959,1,Rpn family recombination-promoting nuclease/putative transposase CDS,Rpn family recombination-promoting nuclease/putative transposase,240,T -> C,MT986_RS06865,SNP (transition),,C,0.68,WP_010872524.1,T,,TAT -> TAC,0.32,NZCP094998
mvR12_Howe,3062917,3062917,1,two-component system response regulator RppA CDS,two-component system response regulator RppA,336,A -> G,MT986_RS14385,SNP (transition),,G,0.684,WP_010873936.1,A,,GCT -> GCC,0.316,NZCP094998
mvR12_Howe,3062496,3062496,1,two-component system sensor histidine kinase RppB CDS,two-component system sensor histidine kinase RppB,72,T -> A,MT986_RS14380,SNP (transversion),,A,0.686,WP_010873935.1,T,,CTA -> CTT,0.314,NZCP094998
mvR12_Howe,3062989,3062989,1,two-component system response regulator RppA CDS,two-component system response regulator RppA,264,A -> G,MT986_RS14385,SNP (transition),,G,0.686,WP_010873936.1,A,,GAT -> GAC,0.314,NZCP094998
mvR12_Howe,3062499,3062499,1,two-component system sensor histidine kinase RppB CDS,two-component system sensor histidine kinase RppB,69,C -> T,MT986_RS14380,SNP (transition),,T,0.687,WP_010873935.1,C,,GGG -> GGA,0.311,NZCP094998
mvR12_Howe,3062938,3062938,1,two-component system response regulator RppA CDS,two-component system response regulator RppA,315,A -> G,MT986_RS14385,SNP (transition),,G,0.69,WP_010873936.1,A,,TTT -> TTC,0.31,NZCP094998
mvR12_Howe,3062947,3062947,1,two-component system response regulator RppA CDS,two-component system response regulator RppA,306,G -> A,MT986_RS14385,SNP (transition),,A,0.69,WP_010873936.1,G,,ATC -> ATT,0.31,NZCP094998
mvR12_Howe,3063073,3063073,1,two-component system response regulator RppA CDS,two-component system response regulator RppA,180,T -> C,MT986_RS14385,SNP (transition),,C,0.693,WP_010873936.1,T,,TCA -> TCG,0.307,NZCP094998
mvR12_Howe,3063463,3063463,1,DUF305 domain-containing protein CDS,DUF305 domain-containing protein,387,C -> A,MT986_RS14390,SNP (transversion),Substitution,A,0.719,WP_010873937.1,C,E -> D,GAG -> GAT,0.281,NZCP094998
mvR12_Howe,1453818,1453818,1,Rpn family recombination-promoting nuclease/putative transposase CDS,Rpn family recombination-promoting nuclease/putative transposase,99,A -> G,MT986_RS06865,SNP (transition),,G,0.722,WP_010872524.1,A,,CCA -> CCG,0.278,NZCP094998
mvR12_Howe,3063689,3063689,1,DUF305 domain-containing protein CDS,DUF305 domain-containing protein,161,A -> G,MT986_RS14390,SNP (transition),Substitution,G,0.722,WP_010873937.1,A,I -> T,ATT -> ACT,0.278,NZCP094998
mvR12_Howe,1454022,1454022,1,Rpn family recombination-promoting nuclease/putative transposase CDS,Rpn family recombination-promoting nuclease/putative transposase,303,T -> C,MT986_RS06865,SNP (transition),,C,0.74,WP_010872524.1,T,,GAT -> GAC,0.26,NZCP094998
mvR12_Howe,1454262,1454262,1,Rpn family recombination-promoting nuclease/putative transposase CDS,Rpn family recombination-promoting nuclease/putative transposase,543,C -> T,MT986_RS06865,SNP (transition),,T,0.747,WP_010872524.1,C,,ATC -> ATT,0.253,NZCP094998
mvR12_Howe,1453845,1453845,1,Rpn family recombination-promoting nuclease/putative transposase CDS,Rpn family recombination-promoting nuclease/putative transposase,126,G -> C,MT986_RS06865,SNP (transversion),,C,0.752,WP_010872524.1,G,,CGG -> CGC,0.248,NZCP094998
mvR12_Howe,1210828,1210828,1,Rpn family recombination-promoting nuclease/putative transposase CDS,Rpn family recombination-promoting nuclease/putative transposase,411,T -> C,MT986_RS05665,SNP (transition),,C,0.754,WP_010872295.1,T,,TTA -> TTG,0.244,NZCP094998
mvR12_Howe,1210833,1210833,1,Rpn family recombination-promoting nuclease/putative transposase CDS,Rpn family recombination-promoting nuclease/putative transposase,406,A -> G,MT986_RS05665,SNP (transition),,G,0.758,WP_010872295.1,A,,TTA -> CTA,0.242,NZCP094998
mvR12_Howe,1453891,1453891,1,Rpn family recombination-promoting nuclease/putative transposase CDS,Rpn family recombination-promoting nuclease/putative transposase,172,T -> C,MT986_RS06865,SNP (transition),,C,0.768,WP_010872524.1,T,,TTG -> CTG,0.232,NZCP094998
mvR12_Howe,1210645,1210645,1,Rpn family recombination-promoting nuclease/putative transposase CDS,Rpn family recombination-promoting nuclease/putative transposase,594,T -> C,MT986_RS05665,SNP (transition),,C,0.774,WP_010872295.1,T,,AAA -> AAG,0.225,NZCP094998
mvR12_Howe,1210741,1210741,1,Rpn family recombination-promoting nuclease/putative transposase CDS,Rpn family recombination-promoting nuclease/putative transposase,498,C -> T,MT986_RS05665,SNP (transition),,T,0.774,WP_010872295.1,C,,CGG -> CGA,0.226,NZCP094998
mvR12_Howe,1453857,1453857,1,Rpn family recombination-promoting nuclease/putative transposase CDS,Rpn family recombination-promoting nuclease/putative transposase,138,A -> G,MT986_RS06865,SNP (transition),,G,0.779,WP_010872524.1,A,,CTA -> CTG,0.221,NZCP094998
mvR12_Howe,1454025,1454025,1,Rpn family recombination-promoting nuclease/putative transposase CDS,Rpn family recombination-promoting nuclease/putative transposase,306,A -> G,MT986_RS06865,SNP (transition),,G,0.793,WP_010872524.1,A,,TTA -> TTG,0.207,NZCP094998
mvR12_Howe,1453977,1453977,1,Rpn family recombination-promoting nuclease/putative transposase CDS,Rpn family recombination-promoting nuclease/putative transposase,258,A -> G,MT986_RS06865,SNP (transition),,G,0.809,WP_010872524.1,A,,AAA -> AAG,0.191,NZCP094998
mvR12_Howe,1454125,1454127,2,Rpn family recombination-promoting nuclease/putative transposase CDS,Rpn family recombination-promoting nuclease/putative transposase,406,TTG -> CTA,MT986_RS06865,Substitution,,CTA,81.1% -> 81.6%,WP_010872524.1,TTG,,TTG -> CTA,,NZCP094998
mvR12_Howe,1453773,1453773,1,Rpn family recombination-promoting nuclease/putative transposase CDS,Rpn family recombination-promoting nuclease/putative transposase,54,T -> C,MT986_RS06865,SNP (transition),,C,0.814,WP_010872524.1,T,,GCT -> GCC,0.186,NZCP094998
mvR12_Howe,2044511,2044513,3,type IV pilus twitching motility protein PilT CDS,type IV pilus twitching motility protein PilT,676,#NAME?,MT986_RS09740,Deletion,Deletion,,86.5% -> 87.2%,WP_244788305.1,GTT,N -> ,AAC -> ,,NZCP094998
mvR12_Howe,2044510,2044510,1,type IV pilus twitching motility protein PilT CDS,type IV pilus twitching motility protein PilT,679,#NAME?,MT986_RS09740,Deletion,Frame Shift,,0.872,WP_244788305.1,T,,,,NZCP094998
mvR12_Howe,2398175,2398175,1,sugar porter family MFS transporter CDS,sugar porter family MFS transporter,85,(C)8 -> (C)7,MT986_RS11250,Deletion (tandem repeat),Frame Shift,,0.875,,C,,,,NZCP094998
mvR12_Howe,2044514,2044515,2,type IV pilus twitching motility protein PilT CDS,type IV pilus twitching motility protein PilT,674,#NAME?,MT986_RS09740,Deletion,Frame Shift,,87.6% -> 88.3%,WP_244788305.1,GA,,,,NZCP094998
mvR12_Howe,3276813,3276813,1,,,,#NAME?,,Deletion,,,0.926,,A,,,,NZCP094998
mvR12_Howe,842061,842061,1,rplC CDS,50S ribosomal protein L3,554,C -> T,MT986_RS04020,SNP (transition),Substitution,T,1,WP_010871979.1,C,R -> Q,CGG -> CAG,,NZCP094998
mvR12_Howe,938476,938476,1,NAD(P)H-quinone oxidoreductase subunit F CDS,NAD(P)H-quinone oxidoreductase subunit F,1766,C -> T,MT986_RS04455,SNP (transition),Substitution,T,1,WP_244788327.1,C,R -> Q,CGA -> CAA,,NZCP094998
mvR12_Howe,1290832,1290832,1,DUF29 domain-containing protein CDS,DUF29 domain-containing protein,384,A -> G,MT986_RS06095,SNP (transition),,G,1,WP_010872375.1,A,,TCA -> TCG,,NZCP094998
mvR12_Howe,1840411,1840411,1,MFS transporter CDS,MFS transporter,1098,A -> G,MT986_RS08775,SNP (transition),,G,1,WP_010872879.1,A,,CTT -> CTC,,NZCP094998
mvR12_Howe,1943746,1943746,1,ABC-2 family transporter protein CDS,ABC-2 family transporter protein,343,C -> G,MT986_RS09265,SNP (transversion),Substitution,G,1,WP_010872970.1,C,R -> G,CGC -> GGC,,NZCP094998
mvR12_Howe,2465934,2465934,1,ATP-dependent Clp protease ATP-binding subunit CDS,ATP-dependent Clp protease ATP-binding subunit,580,T -> G,MT986_RS11600,SNP (transversion),Substitution,G,1,WP_244788308.1,T,K -> Q,AAG -> CAG,,NZCP094998