Strain,Minimum,Maximum,Length,CDS,product,CDS Position,Change,locus_tag,Polymorphism Type,Protein Effect,Variant Nucleotide(s),Variant Frequency,protein_id,Reference Nucleotide(s),Amino Acid Change,Codon Change,Reference Frequency,NC000911,NC020286,AP01205,NZCP094998,NC017038,NC017052,NC017039,NZCP012832,Reference Confidence
mvR01_Nixon,1853327,1853327,1,hlyB,peptidase domain-containing ABC transporter,139,A -> G,sll1180,SNP (transition),Substitution,G,1,WP_010872887.1,A,L -> P,CTA -> CCA,,1,1,1,1,1,1,1,1,8
mvR01_Nixon,488230,488230,1,AMP-binding protein CDS,AMP-binding protein,255,T -> G,slr1609,SNP (transversion),Substitution,G,0.996,WP_014407070.1,T,F -> C,TTC -> TGC,0.002,1,0,1,1,1,1,1,1,7
mvR01_Nixon,3095617,3095617,1,transposase CDS,transposase,400,C -> T,AOY38_RS14410,SNP (transition),Substitution,T,0.967,,C,R -> C,CGT -> TGT,0.033,0,0,0,0,0,1,1,1,3
mvR01_Nixon,1203676,1203676,1,ABC transporter substrate-binding protein CDS,ABC transporter substrate-binding protein,341,A -> G,slr1865,SNP (transition),Substitution,G,1,,,Y -> C,TAT -> TGT,,0,0,0,0,0,1,1,0,2
mvR01_Nixon,125218,125218,1,protein CDS,protein,1226,A -> G,SYNPCCP_RS00565,SNP (transition),Substitution,G,1,WP_014407169.1,A,M -> T,ATG -> ACG,,0,0,0,0,0,0,1,0,1
mvR01_Nixon,1391505,1391505,1,pstB CDS,phosphate ABC transporter ATP-binding protein PstB,611,C -> T,SYNGTI_RS06515,SNP (transition),Substitution,T,1,WP_014407101.1,,S -> L,TCA -> TTA,,0,0,0,0,1,0,0,0,1
mvR01_Nixon,1469131,1469131,1,fabZ CDS,3-hydroxyacyl-ACP dehydratase FabZ,136,A -> G,SYNGTI_RS06860,SNP (transition),Substitution,G,0.998,WP_014407104.1,,C -> R,TGC -> CGC,,0,0,0,0,1,0,0,0,1
mvR01_Nixon,1596073,1596073,1,plsX CDS,phosphate acyltransferase PlsX,263,G -> T,SYNPCCN_RS07470,SNP (transversion),Substitution,T,0.998,,,G -> V,GGG -> GTG,0.002,0,0,0,0,0,1,0,0,1
mvR01_Nixon,1864741,1864741,1,pilM CDS,type IV pilus assembly protein PilM,266,T -> A,MT986_RS08870,SNP (transversion),Substitution,A,0.996,WP_244788302.1,T,V -> E,GTA -> GAA,0.002,0,0,0,1,0,0,0,0,1
mvR01_Nixon,943495,943495,1,psaA CDS,photosystem I core protein PsaA,1810,G -> A,slr1834,SNP (transition),Substitution,A,0.995,WP_010872067.1,G,V -> I,GTC -> ATC,,1,0,0,0,0,0,0,0,1
mvR01_Nixon,2204576,2204576,1,type II secretion system F family protein CDS,type II secretion system F family protein,420,(G)9 -> (G)8,slr0162,Deletion (tandem repeat),Frame Shift,,0.844,,G,,,,1,0,0,0,0,0,0,0,1
mvR02_Nixon,1853327,1853327,1,hlyB,peptidase domain-containing ABC transporter,139,A -> G,sll1180,SNP (transition),Substitution,G,0.998,WP_010872887.1,A,L -> P,CTA -> CCA,,1,1,1,1,1,1,1,1,8
mvR02_Nixon,1469131,1469131,1,fabZ CDS,3-hydroxyacyl-ACP dehydratase FabZ,136,A -> G,SYNGTI_RS06860,SNP (transition),Substitution,G,1,WP_014407104.1,,C -> R,TGC -> CGC,,0,0,0,0,1,0,0,0,1
mvR02_Nixon,1864741,1864741,1,pilM CDS,type IV pilus assembly protein PilM,266,T -> A,MT986_RS08870,SNP (transversion),Substitution,A,1,WP_244788302.1,T,V -> E,GTA -> GAA,,0,0,0,1,0,0,0,0,1
mvR02_Nixon,2204576,2204576,1,type II secretion system F family protein CDS,type II secretion system F family protein,420,(G)9 -> (G)8,slr0162,Deletion (tandem repeat),Frame Shift,,0.854,,G,,,,1,0,0,0,0,0,0,0,1
mvR03_Nixon,1853327,1853327,1,hlyB,peptidase domain-containing ABC transporter,139,A -> G,sll1180,SNP (transition),Substitution,G,1,WP_010872887.1,A,L -> P,CTA -> CCA,,1,1,1,1,1,1,1,0,7
mvR03_Nixon,488230,488230,1,AMP-binding protein CDS,AMP-binding protein,255,T -> G,slr1609,SNP (transversion),Substitution,G,1,WP_014407070.1,T,F -> C,TTC -> TGC,,1,0,1,1,1,1,1,0,6
mvR03_Nixon,1635389,1635389,1,acylneuraminate cytidylyltransferase CDS,acylneuraminate cytidylyltransferase,106,C -> G,slr2122,SNP (transversion),Substitution,G,1,WP_010872683.1,C,S -> R,AGC -> AGG,,1,0,1,1,1,1,1,0,6
mvR03_Nixon,842060,842060,1,rplC CDS,50S ribosomal protein L3,554,C -> T,sll1799,SNP (transition),Substitution,T,0.997,WP_010871979.1,C,R -> Q,CGG -> CAG,0.003,1,0,1,1,0,1,1,0,5
mvR03_Nixon,781837,781837,1,PP2C family protein-serine/threonine phosphatase CDS,PP2C family protein-serine/threonine phosphatase,29,T -> A,SYNPCCN_RS03645,SNP (transversion),Truncation,A,1,,,,,,0,0,0,0,0,1,0,0,1
mvR03_Nixon,781849,781849,1,PP2C family Ser-Thr phosphatase CDS,PP2C family Ser-Thr phosphatase,29,T -> A,SYNPCCP_RS03650,SNP (transversion),Truncation,A,1,WP_231848823.1,T,,,,0,0,0,0,0,0,1,0,1
mvR03_Nixon,1864741,1864741,1,pilM CDS,type IV pilus assembly protein PilM,266,T -> A,MT986_RS08870,SNP (transversion),Substitution,A,1,WP_244788302.1,T,V -> E,GTA -> GAA,,0,0,0,1,0,0,0,0,1
mvR03_Nixon,125218,125218,1,protein CDS,protein,1226,A -> G,SYNPCCP_RS00565,SNP (transition),Substitution,G,0.998,WP_014407169.1,A,M -> T,ATG -> ACG,,0,0,0,0,0,0,1,0,1
mvR03_Nixon,1596073,1596073,1,plsX CDS,phosphate acyltransferase PlsX,263,G -> T,SYNPCCN_RS07470,SNP (transversion),Substitution,T,0.997,,,G -> V,GGG -> GTG,0.003,0,0,0,0,0,1,0,0,1
mvR03_Nixon,2044510,2044515,6,type IV pilus twitching motility protein PilT CDS,type IV pilus twitching motility protein PilT,674,,MT986_RS09740,Deletion,Deletion,,0.868,WP_244788305.1,TGTTGA,INK -> K,"ATC,AAC,AAG -> AAG",,0,0,0,1,0,0,0,0,1
mvR03_Nixon,2204576,2204576,1,type II secretion system F family protein CDS,type II secretion system F family protein,420,(G)9 -> (G)8,slr0162,Deletion (tandem repeat),Frame Shift,,0.826,,G,,,,1,0,0,0,0,0,0,0,1
mvR06_Nixon,1849007,1849007,1,HlyD family efflux transporter periplasmic adaptor subunit CDS,HlyD family efflux transporter periplasmic adaptor subunit,115,A -> G,sll1181,SNP (transition),Substitution,G,0.831,WP_010872886.1,A,L -> P,CTG -> CCG,0.166,1,1,1,1,1,1,1,0,7
mvR06_Nixon,1944929,1944929,1,ABC-2 family transporter protein CDS,ABC-2 family transporter protein,115,G -> A,slr1174,SNP (transition),Substitution,A,0.812,WP_010872970.1,G,R -> H,CGC -> CAC,0.188,1,1,1,1,1,1,1,0,7
mvR06_Nixon,488230,488230,1,AMP-binding protein CDS,AMP-binding protein,255,T -> G,slr1609,SNP (transversion),Substitution,G,1,WP_014407070.1,T,F -> C,TTC -> TGC,,1,0,1,1,1,1,1,0,6
mvR06_Nixon,69849,69849,1,GDSL-type esterase/lipase family protein CDS,GDSL-type esterase/lipase family protein,566,A -> G,SYNPCCN_RS00290,SNP (transition),Substitution,G,1,,,Q -> R,CAG -> CGG,,0,0,0,0,0,1,0,0,1
mvR06_Nixon,1864741,1864741,1,pilM CDS,type IV pilus assembly protein PilM,266,T -> A,MT986_RS08870,SNP (transversion),Substitution,A,1,WP_244788302.1,T,V -> E,GTA -> GAA,,0,0,0,1,0,0,0,0,1
mvR06_Nixon,1469131,1469131,1,fabZ CDS,3-hydroxyacyl-ACP dehydratase FabZ,136,A -> G,SYNGTI_RS06860,SNP (transition),Substitution,G,0.998,,,C -> R,TGC -> CGC,,0,0,0,0,1,0,0,0,1
mvR06_Nixon,2602717,2602717,1,abortive infection system antitoxin AbiGi familyprotein CDS,abortive infection system antitoxin AbiGi familyprotein,60,C -> A,slr0468,SNP (transversion),Substitution,A,0.998,WP_223211283.1,C,H -> Q,CAC -> CAA,0.002,1,0,0,0,0,0,0,0,1
mvR06_Nixon,2602734,2602734,1,abortive infection system antitoxin AbiGi familyprotein CDS,abortive infection system antitoxin AbiGi familyprotein,77,T -> A,slr0468,SNP (transversion),Substitution,A,0.998,WP_223211283.1,T,I -> N,ATT -> AAT,,1,0,0,0,0,0,0,0,1
mvR09_Howe,3096524,3096524,1,transposase CDS,transposase,400,C -> T,SYNPCCN_RS14430,SNP (transition),Substitution,T,0.965,,,R -> C,CGT -> TGT,0.033,0,0,0,0,0,1,1,0,2
mvR09_Howe,909462,909462,1,anti-sigma regulatory factor CDS,anti-sigma regulatory factor,124,T -> C,SYNGTI_RS04240,SNP (transition),Substitution,C,1,WP_014407085.1,,K -> E,AAG -> GAG,,0,0,0,0,1,0,0,0,1
mvR09_Howe,2368013,2368013,1,NAD-dependent succinate-semialdehyde dehydrogenase CDS,NAD-dependent succinate-semialdehyde dehydrogenase,916,G -> A,SYNPCCN_RS11070,SNP (transition),Substitution,A,0.998,,,A -> T,GCC -> ACC,,0,0,0,0,0,1,0,0,1
mvR09_Howe,2204576,2204576,1,type II secretion system F family protein CDS,type II secretion system F family protein,420,(G)9 -> (G)8,slr0162,Deletion (tandem repeat),Frame Shift,,0.821,,G,,,,1,0,0,0,0,0,0,0,1
mvR10_Howe,1944928,1944928,1,ABC-2 family transporter protein CDS,ABC-2 family transporter protein,115,C -> G,slr1174,SNP (transversion),Substitution,G,1,WP_010872970.1,C,R -> G,CGC -> GGC,,1,1,1,1,1,1,1,0,7
mvR10_Howe,1511511,1511511,1,NAD(P)H dehydrogenase subunit,NAD(P)H dehydrogenase subunit,99,G -> C,slr0262,SNP (transversion),Substitution,C,0.848,WP_010872567.1,G,A -> P,GCA -> CCA,0.146,1,1,1,1,1,1,1,0,7
mvR10_Howe,781267,781267,1,PP2C family protein-serine/threonine phosphatase CDS,PP2C family protein-serine/threonine phosphatase,47,T -> A,MYO_RS03655,SNP (transversion),Substitution,A,1,,,V -> D,GTT -> GAT,,0,1,0,0,0,0,1,0,2
mvR10_Howe,2602717,2602717,1,abortive infection system antitoxin AbiGi familyprotein CDS,abortive infection system antitoxin AbiGi familyprotein,60,C -> A,slr0468,SNP (transversion),Substitution,A,1,WP_223211283.1,C,H -> Q,CAC -> CAA,,1,0,0,0,0,1,0,0,2
mvR10_Howe,2602734,2602734,1,abortive infection system antitoxin AbiGi familyprotein CDS,abortive infection system antitoxin AbiGi familyprotein,77,T -> A,slr0468,SNP (transversion),Substitution,A,1,WP_223211283.1,T,I -> N,ATT -> AAT,,1,0,0,0,0,1,0,0,2
mvR10_Howe,781273,781273,1,PP2C family protein-serine/threonine phosphatase CDS,PP2C family protein-serine/threonine phosphatase,53,C -> A,MYO_RS03655,SNP (transversion),Substitution,A,0.98,,,P -> H,CCC -> CAC,,0,1,0,0,0,0,1,0,2
mvR10_Howe,781269,781269,1,PP2C family protein-serine/threonine phosphatase CDS,PP2C family protein-serine/threonine phosphatase,49,A -> T,MYO_RS03655,SNP (transversion),Substitution,T,0.976,,,I -> F,ATT -> TTT,,0,1,0,0,0,0,1,0,2
mvR10_Howe,731469,731468,0,serine/threonine-protein kinase CDS,serine/threonine-protein kinase,308,#NAME?,SYNPCCP_RS03415,Insertion,Frame Shift,T,0.941,WP_014407170.1,,,,,0,0,0,0,0,1,1,0,2
mvR10_Howe,781858,781859,2,PP2C family protein-serine/threonine phosphatase CDS,PP2C family protein-serine/threonine phosphatase,38,CC -> TG,SYNPCCP_RS03650,Substitution,Substitution,TG,0.85,WP_231848823.1,CC,T -> M,ACC -> ATG,,0,1,0,0,0,0,1,0,2
mvR10_Howe,125218,125218,1,ATP-binding protein CDS,ATP-binding protein,1226,A -> G,SYNPCCP_RS00565,SNP (transition),Substitution,G,1,WP_014407169.1,A,M -> T,ATG -> ACG,,0,0,0,0,0,0,1,0,1
mvR10_Howe,909462,909462,1,anti-sigma regulatory factor CDS,anti-sigma regulatory factor,124,T -> C,SYNGTI_RS04240,SNP (transition),Substitution,C,1,WP_014407085.1,,K -> E,AAG -> GAG,,0,0,0,0,1,0,0,0,1
mvR10_Howe,1391505,1391505,1,pstB CDS,phosphate ABC transporter ATP-binding protein PstB,611,C -> T,SYNGTI_RS06515,SNP (transition),Substitution,T,1,WP_014407101.1,,S -> L,TCA -> TTA,,0,0,0,0,1,0,0,0,1
mvR10_Howe,2301721,2301721,1,DUF4114 domain-containing protein CDS,DUF4114 domain-containing protein,1207,A -> G,slr0168,SNP (transition),Substitution,G,1,WP_010873276.1,A,K -> E,AAG -> GAG,,1,0,0,0,0,0,0,0,1
mvR10_Howe,2368013,2368013,1,NAD-dependent succinate-semialdehyde dehydrogenase CDS,NAD-dependent succinate-semialdehyde dehydrogenase,916,G -> A,SYNPCCN_RS11070,SNP (transition),Substitution,A,1,,,A -> T,GCC -> ACC,,0,0,0,0,0,1,0,0,1
mvR10_Howe,1469131,1469131,1,fabZ CDS,3-hydroxyacyl-ACP dehydratase FabZ,136,A -> G,SYNGTI_RS06860,SNP (transition),Substitution,G,0.995,WP_014407104.1,,C -> R,TGC -> CGC,,0,0,0,0,1,0,0,0,1
mvR10_Howe,2465934,2465934,1,ATP-dependent Clp protease ATP-binding subunit CDS,ATP-dependent Clp protease ATP-binding subunit,580,T -> G,MT986_RS11600,SNP (transversion),Substitution,G,0.987,WP_244788308.1,T,K -> Q,AAG -> CAG,0.013,0,0,0,1,0,0,0,0,1
mvR10_Howe,3110343,3110343,1,IS5 family transposase CDS,IS5 family transposase,218,G -> T,slr0667,SNP (transversion),Substitution,T,0.986,,G,P -> Q,CCA -> CAA,0.014,1,0,0,0,0,0,0,0,1
mvR10_Howe,3096524,3096524,1,transposase CDS,transposase,400,C -> T,SYNPCCN_RS14430,SNP (transition),Substitution,T,0.963,,,R -> C,CGT -> TGT,0.037,0,0,0,0,0,1,0,0,1
mvR10_Howe,3096535,3096535,1,transposase CDS,transposase,400,C -> T,SYNPCCP_RS14440,SNP (transition),Substitution,T,0.963,,C,R -> C,CGT -> TGT,0.037,0,0,0,0,0,0,1,0,1
mvR10_Howe,2419398,2419398,1,MlaD family protein CDS,MlaD family protein,1,,sll0752,Deletion,Start Codon Loss,,0.959,WP_010873369.1,T,M -> ,ATG -> ,,1,0,0,0,0,0,0,0,1
mvR10_Howe,2419398,2419398,1,MlaD family protein CDS,MlaD family protein,497,,sll0751,Deletion,Frame Shift,,0.959,WP_010873370.1,T,,,,1,0,0,0,0,0,0,0,1
mvR10_Howe,2360246,2360245,0,Ig-like domain-containing protein CDS,Ig-like domain-containing protein,8924,+C,sll0762,Insertion,Frame Shift,C,0.952,WP_010873315.1,,,,,1,0,0,0,0,0,0,0,1
mvR10_Howe,1422368,1422368,1,bluetail domain-containing putative surface protein CDS,bluetail domain-containing putative surface protein,45,#NAME?,SYNPCCP_RS06705,Deletion,Frame Shift,,0.951,WP_148275190.1,A,,,,0,0,0,0,0,0,1,0,1
mvR10_Howe,1422368,1422368,1,calcium-binding protein CDS,calcium-binding protein,4312,#NAME?,SYNPCCP_RS06710,Deletion,Extension,,0.951,WP_014407174.1,A,,,,0,0,0,0,0,0,1,0,1
mvR10_Howe,2544045,2544044,0,DUF4335 domain-containing protein CDS,DUF4335 domain-containing protein,334,+C,sll0414,Insertion,Frame Shift,C,0.931,WP_252100454.1,,,,,1,0,0,0,0,0,0,0,1
mvR10_Howe,1199945,1199946,2,hypothetical protein CDS,hypothetical protein,430,TT -> CA,MYO_RS05605,Substitution,Substitution,CA,0.929,,,F -> H,TTC -> CAC,,0,1,0,0,0,0,0,0,1
mvR10_Howe,1199944,1199943,0,hypothetical protein CDS,hypothetical protein,429,,MYO_RS05605,Insertion,Frame Shift,AA,0.904,,,,,,0,1,0,0,0,0,0,0,1
mvR10_Howe,2734342,2734342,1,ABC transporter ATP-binding protein/permease CDS,ABC transporter ATP-binding protein/permease,1278,(T)4 -> (T)3,SYNPCCP_RS12805,Deletion (tandem repeat),Frame Shift,,0.891,,T,,,,0,0,0,0,0,0,1,0,1
mvR10_Howe,2044510,2044510,1,type IV pilus twitching motility protein PilT CDS,type IV pilus twitching motility protein PilT,679,,MT986_RS09740,Deletion,Frame Shift,,0.88,WP_244788305.1,T,,,,0,0,0,1,0,0,0,0,1
mvR10_Howe,2398175,2398175,1,sugar porter family MFS transporter CDS,sugar porter family MFS transporter,85,(C)8 -> (C)7,MT986_RS11250,Deletion (tandem repeat),Frame Shift,,0.858,,C,,,,0,0,0,1,0,0,0,0,1
mvR10_Howe,2044514,2044515,2,type IV pilus twitching motility protein PilT CDS,type IV pilus twitching motility protein PilT,674,,MT986_RS09740,Deletion,Frame Shift,,0.856,WP_244788305.1,GA,,,,0,0,0,1,0,0,0,0,1
mvR10_Howe,2044511,2044513,3,type IV pilus twitching motility protein PilT CDS,type IV pilus twitching motility protein PilT,676,,MT986_RS09740,Deletion,Deletion,,0.851,WP_244788305.1,GTT,N -> ,AAC -> ,,0,0,0,1,0,0,0,0,1
mvR10_Howe,125262,125261,0,ATP-binding protein CDS,ATP-binding protein,1171,,SYNPCCN_RS00560,Insertion,Insertion,CTGGGTCAACAT,0.809,,, -> MLTQ," -> ATG,TTG,ACC,CAG",,0,0,0,0,0,1,0,0,1
mvR11_Howe,1944928,1944928,1,ABC-2 family transporter protein CDS,ABC-2 family transporter protein,115,C -> G,slr1174,SNP (transversion),Substitution,G,1,WP_010872970.1,C,R -> G,CGC -> GGC,,1,1,1,1,1,1,1,0,7
mvR11_Howe,126245,126245,1,ATP-binding protein CDS,ATP-binding protein,187,T -> C,SYNPCCN_RS00560,SNP (transition),Substitution,C,1,,,N -> D,AAT -> GAT,,0,0,0,0,0,1,1,0,2
mvR11_Howe,2465934,2465934,1,ATP-dependent Clp protease ATP-binding subunit CDS,ATP-dependent Clp protease ATP-binding subunit,580,T -> G,MT986_RS11600,SNP (transversion),Substitution,G,0.974,WP_244788308.1,T,K -> Q,AAG -> CAG,0.026,1,0,0,1,0,0,0,0,2
mvR11_Howe,3096524,3096524,1,transposase CDS,transposase,400,C -> T,SYNPCCN_RS14430,SNP (transition),Substitution,T,0.956,,,R -> C,CGT -> TGT,0.044,0,0,0,0,0,1,1,0,2
mvR11_Howe,781858,781859,2,PP2C family protein-serine/threonine phosphatase CDS,PP2C family protein-serine/threonine phosphatase,38,CC -> TG,SYNPCCP_RS03650,Substitution,Substitution,TG,0.826,WP_231848823.1,CC,T -> M,ACC -> ATG,,0,1,0,0,0,0,1,0,2
mvR11_Howe,69849,69849,1,GDSL-type esterase/lipase family protein CDS,GDSL-type esterase/lipase family protein,566,A -> G,SYNPCCN_RS00290,SNP (transition),Substitution,G,1,,,Q -> R,CAG -> CGG,,0,0,0,0,0,1,0,0,1
mvR11_Howe,125218,125218,1,ATP-binding protein CDS,ATP-binding protein,1226,A -> G,SYNPCCP_RS00565,SNP (transition),Substitution,G,1,WP_014407169.1,A,M -> T,ATG -> ACG,,0,0,0,0,0,0,1,0,1
mvR11_Howe,781267,781267,1,PP2C family protein-serine/threonine phosphatase CDS,PP2C family protein-serine/threonine phosphatase,47,T -> A,MYO_RS03655,SNP (transversion),Substitution,A,1,,,V -> D,GTT -> GAT,,0,1,0,0,0,0,0,0,1
mvR11_Howe,781269,781269,1,PP2C family protein-serine/threonine phosphatase CDS,PP2C family protein-serine/threonine phosphatase,49,A -> T,MYO_RS03655,SNP (transversion),Substitution,T,1,,,I -> F,ATT -> TTT,,0,1,0,0,0,0,0,0,1
mvR11_Howe,781273,781273,1,PP2C family protein-serine/threonine phosphatase CDS,PP2C family protein-serine/threonine phosphatase,53,C -> A,MYO_RS03655,SNP (transversion),Substitution,A,1,,,P -> H,CCC -> CAC,,0,1,0,0,0,0,0,0,1
mvR11_Howe,781867,781867,1,PP2C family protein-serine/threonine phosphatase CDS,PP2C family protein-serine/threonine phosphatase,47,T -> A,SYNPCCP_RS03650,SNP (transversion),Substitution,A,1,WP_231848823.1,T,V -> D,GTT -> GAT,,0,0,0,0,0,0,1,0,1
mvR11_Howe,781869,781869,1,PP2C family protein-serine/threonine phosphatase CDS,PP2C family protein-serine/threonine phosphatase,49,A -> T,SYNPCCP_RS03650,SNP (transversion),Substitution,T,1,WP_231848823.1,A,I -> F,ATT -> TTT,,0,0,0,0,0,0,1,0,1
mvR11_Howe,781873,781873,1,PP2C family protein-serine/threonine phosphatase CDS,PP2C family protein-serine/threonine phosphatase,53,C -> A,SYNPCCP_RS03650,SNP (transversion),Substitution,A,1,WP_231848823.1,C,P -> H,CCC -> CAC,,0,0,0,0,0,0,1,0,1
mvR11_Howe,909462,909462,1,anti-sigma regulatory factor CDS,anti-sigma regulatory factor,124,T -> C,SYNGTI_RS04240,SNP (transition),Substitution,C,1,WP_014407085.1,,K -> E,AAG -> GAG,,0,0,0,0,1,0,0,0,1
mvR11_Howe,1391505,1391505,1,pstB CDS,phosphate ABC transporter ATP-binding protein PstB,611,C -> T,SYNGTI_RS06515,SNP (transition),Substitution,T,1,WP_014407101.1,,S -> L,TCA -> TTA,,0,0,0,0,1,0,0,0,1
mvR11_Howe,1469131,1469131,1,fabZ CDS,3-hydroxyacyl-ACP dehydratase FabZ,136,A -> G,SYNGTI_RS06860,SNP (transition),Substitution,G,1,WP_014407104.1,,C -> R,TGC -> CGC,,0,0,0,0,1,0,0,0,1
mvR11_Howe,2301721,2301721,1,DUF4114 domain-containing protein CDS,DUF4114 domain-containing protein,1207,A -> G,slr0168,SNP (transition),Substitution,G,1,WP_010873276.1,A,K -> E,AAG -> GAG,,1,0,0,0,0,0,0,0,1
mvR11_Howe,2368013,2368013,1,NAD-dependent succinate-semialdehyde dehydrogenase CDS,NAD-dependent succinate-semialdehyde dehydrogenase,916,G -> A,SYNPCCN_RS11070,SNP (transition),Substitution,A,1,,,A -> T,GCC -> ACC,,0,0,0,0,0,1,0,0,1
mvR11_Howe,2602717,2602717,1,abortive infection system antitoxin AbiGi familyprotein CDS,abortive infection system antitoxin AbiGi familyprotein,60,C -> A,slr0468,SNP (transversion),Substitution,A,1,WP_223211283.1,C,H -> Q,CAC -> CAA,,1,0,0,0,0,0,0,0,1
mvR11_Howe,731457,731456,0,serine/threonine-protein kinase CDS,serine/threonine-protein kinase,308,,SYNPCCN_RS03410,Insertion,Frame Shift,T,0.957,,,,,,0,0,0,0,0,1,0,0,1
mvR11_Howe,731469,731468,0,serine/threonine-protein kinase CDS,serine/threonine-protein kinase,308,#NAME?,SYNPCCP_RS03415,Insertion,Frame Shift,T,0.957,WP_014407170.1,,,,,0,0,0,0,0,0,1,0,1
mvR11_Howe,1199945,1199946,2,hypothetical protein CDS,hypothetical protein,430,TT -> CA,MYO_RS05605,Substitution,Substitution,CA,0.944,,,F -> H,TTC -> CAC,,0,1,0,0,0,0,0,0,1
mvR11_Howe,1422368,1422368,1,bluetail domain-containing putative surface protein CDS,bluetail domain-containing putative surface protein,45,#NAME?,SYNPCCP_RS06705,Deletion,Frame Shift,,0.942,WP_148275190.1,A,,,,0,0,0,0,0,0,1,0,1
mvR11_Howe,1422368,1422368,1,calcium-binding protein CDS,calcium-binding protein,4312,#NAME?,SYNPCCP_RS06710,Deletion,Extension,,0.942,WP_014407174.1,A,,,,0,0,0,0,0,0,1,0,1
mvR11_Howe,2544045,2544044,0,DUF4335 domain-containing protein CDS,DUF4335 domain-containing protein,334,+C,sll0414,Insertion,Frame Shift,C,0.939,WP_252100454.1,,,,,1,0,0,0,0,0,0,0,1
mvR11_Howe,2419398,2419398,1,MlaD family protein CDS,MlaD family protein,1,,sll0752,Deletion,Start Codon Loss,,0.933,WP_010873369.1,T,M -> ,ATG -> ,,1,0,0,0,0,0,0,0,1
mvR11_Howe,2419398,2419398,1,MlaD family protein CDS,MlaD family protein,497,,sll0751,Deletion,Frame Shift,,0.933,WP_010873370.1,T,,,,1,0,0,0,0,0,0,0,1
mvR11_Howe,1199944,1199943,0,hypothetical protein CDS,hypothetical protein,429,,MYO_RS05605,Insertion,Frame Shift,AA,0.914,,,,,,0,1,0,0,0,0,0,0,1
mvR11_Howe,2360246,2360245,0,Ig-like domain-containing protein CDS,Ig-like domain-containing protein,8924,+C,sll0762,Insertion,Frame Shift,C,0.909,WP_010873315.1,,,,,1,0,0,0,0,0,0,0,1
mvR11_Howe,2734342,2734342,1,ABC transporter ATP-binding protein/permease CDS,ABC transporter ATP-binding protein/permease,1278,(T)4 -> (T)3,SYNPCCP_RS12805,Deletion (tandem repeat),Frame Shift,,0.892,,T,,,,0,0,0,0,0,0,1,0,1
mvR11_Howe,2398175,2398175,1,sugar porter family MFS transporter CDS,sugar porter family MFS transporter,85,(C)8 -> (C)7,MT986_RS11250,Deletion (tandem repeat),Frame Shift,,0.845,,C,,,,0,0,0,1,0,0,0,0,1
mvR11_Howe,2204576,2204576,1,type II secretion system F family protein CDS,type II secretion system F family protein,420,(G)9 -> (G)8,slr0162,Deletion (tandem repeat),Frame Shift,,0.834,,G,,,,1,0,0,0,0,0,0,0,1
mvR11_Howe,2044510,2044510,1,type IV pilus twitching motility protein PilT CDS,type IV pilus twitching motility protein PilT,679,,MT986_RS09740,Deletion,Frame Shift,,0.833,WP_244788305.1,T,,,,0,0,0,1,0,0,0,0,1
mvR11_Howe,2044514,2044515,2,type IV pilus twitching motility protein PilT CDS,type IV pilus twitching motility protein PilT,674,,MT986_RS09740,Deletion,Frame Shift,,0.821,WP_244788305.1,GA,,,,0,0,0,1,0,0,0,0,1
mvR11_Howe,2044511,2044513,3,type IV pilus twitching motility protein PilT CDS,type IV pilus twitching motility protein PilT,676,,MT986_RS09740,Deletion,Deletion,,0.821,WP_244788305.1,GTT,N -> ,AAC -> ,,0,0,0,1,0,0,0,0,1
mvR11_Howe,125262,125261,0,ATP-binding protein CDS,ATP-binding protein,1171,,SYNPCCN_RS00560,Insertion,Insertion,CTGGGTCAACAT,0.761,,, -> MLTQ," -> ATG,TTG,ACC,CAG",,0,0,0,0,0,1,0,0,1
mvR12_Howe,1944928,1944928,1,ABC-2 family transporter protein CDS,ABC-2 family transporter protein,115,C -> G,slr1174,SNP (transversion),Substitution,G,1,WP_010872970.1,C,R -> G,CGC -> GGC,,1,1,1,1,1,1,1,0,7
mvR12_Howe,842060,842060,1,rplC CDS,50S ribosomal protein L3,554,C -> T,sll1799,SNP (transition),Substitution,T,1,WP_010871979.1,C,R -> Q,CGG -> CAG,,1,0,1,1,1,1,1,0,6
mvR12_Howe,126245,126245,1,ATP-binding protein CDS,ATP-binding protein,187,T -> C,SYNPCCN_RS00560,SNP (transition),Substitution,C,1,,,N -> D,AAT -> GAT,,0,0,0,0,0,1,1,0,2
mvR12_Howe,781267,781267,1,PP2C family protein-serine/threonine phosphatase CDS,PP2C family protein-serine/threonine phosphatase,47,T -> A,MYO_RS03655,SNP (transversion),Substitution,A,1,,,V -> D,GTT -> GAT,,0,1,0,0,0,0,1,0,2
mvR12_Howe,1203676,1203676,1,ABC transporter substrate-binding protein CDS,ABC transporter substrate-binding protein,341,A -> G,slr1865,SNP (transition),Substitution,G,1,,,Y -> C,TAT -> TGT,,0,0,0,0,0,1,1,0,2
mvR12_Howe,731469,731468,0,serine/threonine-protein kinase CDS,serine/threonine-protein kinase,308,#NAME?,SYNPCCP_RS03415,Insertion,Frame Shift,T,0.963,WP_014407170.1,,,,,0,0,0,0,0,1,1,0,2
mvR12_Howe,3096524,3096524,1,transposase CDS,transposase,400,C -> T,SYNPCCN_RS14430,SNP (transition),Substitution,T,0.924,,,R -> C,CGT -> TGT,0.076,0,0,0,0,0,1,1,0,2
mvR12_Howe,69849,69849,1,GDSL-type esterase/lipase family protein CDS,GDSL-type esterase/lipase family protein,566,A -> G,SYNPCCN_RS00290,SNP (transition),Substitution,G,1,,,Q -> R,CAG -> CGG,,0,0,0,0,0,1,0,0,1
mvR12_Howe,125218,125218,1,ATP-binding protein CDS,ATP-binding protein,1226,A -> G,SYNPCCP_RS00565,SNP (transition),Substitution,G,1,WP_014407169.1,A,M -> T,ATG -> ACG,,0,0,0,0,0,0,1,0,1
mvR12_Howe,781269,781269,1,PP2C family protein-serine/threonine phosphatase CDS,PP2C family protein-serine/threonine phosphatase,49,A -> T,MYO_RS03655,SNP (transversion),Substitution,T,1,,,I -> F,ATT -> TTT,,0,1,0,0,0,0,0,0,1
mvR12_Howe,781273,781273,1,PP2C family protein-serine/threonine phosphatase CDS,PP2C family protein-serine/threonine phosphatase,53,C -> A,MYO_RS03655,SNP (transversion),Substitution,A,1,,,P -> H,CCC -> CAC,,0,1,0,0,0,0,0,0,1
mvR12_Howe,781867,781867,1,PP2C family protein-serine/threonine phosphatase CDS,PP2C family protein-serine/threonine phosphatase,47,T -> A,SYNPCCP_RS03650,SNP (transversion),Substitution,A,1,WP_231848823.1,T,V -> D,GTT -> GAT,,0,0,0,0,0,0,1,0,1
mvR12_Howe,781873,781873,1,PP2C family protein-serine/threonine phosphatase CDS,PP2C family protein-serine/threonine phosphatase,53,C -> A,SYNPCCP_RS03650,SNP (transversion),Substitution,A,1,WP_231848823.1,C,P -> H,CCC -> CAC,,0,0,0,0,0,0,1,0,1
mvR12_Howe,1391505,1391505,1,pstB CDS,phosphate ABC transporter ATP-binding protein PstB,611,C -> T,SYNGTI_RS06515,SNP (transition),Substitution,T,1,WP_014407101.1,,S -> L,TCA -> TTA,,0,0,0,0,1,0,0,0,1
mvR12_Howe,1469131,1469131,1,fabZ CDS,3-hydroxyacyl-ACP dehydratase FabZ,136,A -> G,SYNGTI_RS06860,SNP (transition),Substitution,G,1,WP_014407104.1,,C -> R,TGC -> CGC,,0,0,0,0,1,0,0,0,1
mvR12_Howe,2301721,2301721,1,DUF4114 domain-containing protein CDS,DUF4114 domain-containing protein,1207,A -> G,slr0168,SNP (transition),Substitution,G,1,WP_010873276.1,A,K -> E,AAG -> GAG,,1,0,0,0,0,0,0,0,1
mvR12_Howe,2368013,2368013,1,NAD-dependent succinate-semialdehyde dehydrogenase CDS,NAD-dependent succinate-semialdehyde dehydrogenase,916,G -> A,SYNPCCN_RS11070,SNP (transition),Substitution,A,1,,,A -> T,GCC -> ACC,,0,0,0,0,0,1,0,0,1
mvR12_Howe,2465934,2465934,1,ATP-dependent Clp protease ATP-binding subunit CDS,ATP-dependent Clp protease ATP-binding subunit,580,T -> G,MT986_RS11600,SNP (transversion),Substitution,G,1,WP_244788308.1,T,K -> Q,AAG -> CAG,,0,0,0,1,0,0,0,0,1
mvR12_Howe,2602717,2602717,1,abortive infection system antitoxin AbiGi familyprotein CDS,abortive infection system antitoxin AbiGi familyprotein,60,C -> A,slr0468,SNP (transversion),Substitution,A,1,WP_223211283.1,C,H -> Q,CAC -> CAA,,1,0,0,0,0,0,0,0,1
mvR12_Howe,2602734,2602734,1,abortive infection system antitoxin AbiGi familyprotein CDS,abortive infection system antitoxin AbiGi familyprotein,77,T -> A,slr0468,SNP (transversion),Substitution,A,1,WP_223211283.1,T,I -> N,ATT -> AAT,,1,0,0,0,0,0,0,0,1
mvR12_Howe,909462,909462,1,anti-sigma regulatory factor CDS,anti-sigma regulatory factor,124,T -> C,SYNGTI_RS04240,SNP (transition),Substitution,C,0.996,WP_014407085.1,,K -> E,AAG -> GAG,,0,0,0,0,1,0,0,0,1
mvR12_Howe,3110343,3110343,1,IS5 family transposase CDS,IS5 family transposase,218,G -> T,slr0667,SNP (transversion),Substitution,T,0.982,,G,P -> Q,CCA -> CAA,0.018,1,0,0,0,0,0,0,0,1
mvR12_Howe,2419398,2419398,1,MlaD family protein CDS,MlaD family protein,1,,sll0752,Deletion,Start Codon Loss,,0.96,WP_010873369.1,T,M -> ,ATG -> ,,1,0,0,0,0,0,0,0,1
mvR12_Howe,2419398,2419398,1,MlaD family protein CDS,MlaD family protein,497,,sll0751,Deletion,Frame Shift,,0.96,WP_010873370.1,T,,,,1,0,0,0,0,0,0,0,1
mvR12_Howe,1199945,1199946,2,hypothetical protein CDS,hypothetical protein,430,TT -> CA,MYO_RS05605,Substitution,Substitution,CA,0.943,,,F -> H,TTC -> CAC,,0,1,0,0,0,0,0,0,1
mvR12_Howe,2360246,2360245,0,Ig-like domain-containing protein CDS,Ig-like domain-containing protein,8924,+C,sll0762,Insertion,Frame Shift,C,0.933,WP_010873315.1,,,,,1,0,0,0,0,0,0,0,1
mvR12_Howe,2734342,2734342,1,ABC transporter ATP-binding protein/permease CDS,ABC transporter ATP-binding protein/permease,1278,(T)4 -> (T)3,SYNPCCP_RS12805,Deletion (tandem repeat),Frame Shift,,0.928,,T,,,,0,0,0,0,0,0,1,0,1
mvR12_Howe,2544045,2544044,0,DUF4335 domain-containing protein CDS,DUF4335 domain-containing protein,334,+C,sll0414,Insertion,Frame Shift,C,0.923,WP_252100454.1,,,,,1,0,0,0,0,0,0,0,1
mvR12_Howe,1422368,1422368,1,bluetail domain-containing putative surface protein CDS,bluetail domain-containing putative surface protein,45,#NAME?,SYNPCCP_RS06705,Deletion,Frame Shift,,0.913,WP_148275190.1,A,,,,0,0,0,0,0,0,1,0,1
mvR12_Howe,1422368,1422368,1,calcium-binding protein CDS,calcium-binding protein,4312,#NAME?,SYNPCCP_RS06710,Deletion,Extension,,0.913,WP_014407174.1,A,,,,0,0,0,0,0,0,1,0,1
mvR12_Howe,1199944,1199943,0,hypothetical protein CDS,hypothetical protein,429,,MYO_RS05605,Insertion,Frame Shift,AA,0.91,,,,,,0,1,0,0,0,0,0,0,1
mvR12_Howe,2044514,2044515,2,type IV pilus twitching motility protein PilT CDS,type IV pilus twitching motility protein PilT,674,,MT986_RS09740,Deletion,Frame Shift,,0.876,WP_244788305.1,GA,,,,0,0,0,1,0,0,0,0,1
mvR12_Howe,2398175,2398175,1,sugar porter family MFS transporter CDS,sugar porter family MFS transporter,85,(C)8 -> (C)7,MT986_RS11250,Deletion (tandem repeat),Frame Shift,,0.875,,C,,,,0,0,0,1,0,0,0,0,1
mvR12_Howe,2044510,2044510,1,type IV pilus twitching motility protein PilT CDS,type IV pilus twitching motility protein PilT,679,,MT986_RS09740,Deletion,Frame Shift,,0.872,WP_244788305.1,T,,,,0,0,0,1,0,0,0,0,1
mvR12_Howe,2044511,2044513,3,type IV pilus twitching motility protein PilT CDS,type IV pilus twitching motility protein PilT,676,,MT986_RS09740,Deletion,Deletion,,0.865,WP_244788305.1,GTT,N -> ,AAC -> ,,0,0,0,1,0,0,0,0,1
mvR12_Howe,2204576,2204576,1,type II secretion system F family protein CDS,type II secretion system F family protein,420,(G)9 -> (G)8,slr0162,Deletion (tandem repeat),Frame Shift,,0.789,,G,,,,1,0,0,0,0,0,0,0,1
mvR12_Howe,125262,125261,0,ATP-binding protein CDS,ATP-binding protein,1171,,SYNPCCN_RS00560,Insertion,Insertion,CTGGGTCAACAT,0.76,,, -> MLTQ," -> ATG,TTG,ACC,CAG",,0,0,0,0,0,1,0,0,1