Name,Document Name,Minimum,Maximum,Length,Direction,GO_function,Amino Acid Change,CDS,CDS Position,Variant Frequency,Change,Codon Change,Coverage,Polymorphism Type,Protein Effect,Variant P-Value (approximate),CDS Position Within Codon,GO_process,locus_tag,old_locus_tag,EC_number,gene,product,Reference Frequency,Reference Nucleotide(s),Variant Nucleotide(s),protein_id,GO_component
EAL domain-containing protein CDS,mvR10_Howe,1,106004,1251,forward,,,,,,,,,,,,,,SGL_RS01365,slr6110,,,EAL domain-containing protein,,,,WP_011153819.1,
hypothetical protein CDS,mvR10_Howe,82861,86385,3525,forward,,,,,,,,,,,,,,SGL_RS01785,slr6090,,,hypothetical protein,,,,WP_223211258.1,
helicase-related protein CDS,mvR10_Howe,43696,47151,3456,forward,,,,,,,,,,,,,,SGL_RS01585,slr6047,,,helicase-related protein,,,,WP_011153866.1,
hypothetical protein CDS,mvR10_Howe,27957,31322,3366,forward,,,,,,,,,,,,,,SGL_RS01515,slr6031,,,hypothetical protein,,,,WP_011153850.1,
DNA methyltransferase CDS,mvR10_Howe,47827,51129,3303,forward,,,,,,,,,,,,,,SGL_RS01600,slr6050,,,DNA methyltransferase,,,,WP_011153869.1,
type I restriction endonuclease subunit R CDS,mvR10_Howe,94722,97901,3180,forward,GO:0005524 - ATP binding [Evidence IEA]; GO:0016887 - ATP hydrolysis activity [Evidence IEA]; GO:0003677 - DNA binding [Evidence IEA]; GO:0004386 - helicase activity [Evidence IEA]; GO:0009035 - type I site-specific deoxyribonuclease activity [Evidence IEA],,,,,,,,,,,,,SGL_RS01835,slr6102,3.1.21.3,,type I restriction endonuclease subunit R,,,,WP_041428299.1,
CusA/CzcA family heavy metal efflux RND transporter CDS,mvR10_Howe,39171,42311,3141,forward,,,,,,,,,,,,,,SGL_RS01565,slr6043,,,CusA/CzcA family heavy metal efflux RND transporter,,,,WP_011153862.1,
hybrid sensor histidine kinase/response regulator CDS,mvR10_Howe,243,3053,2811,forward,GO:0005515 - protein binding [Evidence IEA],,,,,,,,,,,,,SGL_RS01370,slr6001,,,hybrid sensor histidine kinase/response regulator,,,,WP_223211261.1,
hypothetical protein CDS,mvR10_Howe,18098,20500,2403,forward,,,,,,,,,,,,,,SGL_RS01445,slr6016,,,hypothetical protein,,,,WP_011153835.1,
hypothetical protein CDS,mvR10_Howe,72816,75218,2403,forward,,,,,,,,,,,,,,SGL_RS01715,slr6075,,,hypothetical protein,,,,WP_011153835.1,
AAA family ATPase CDS,mvR10_Howe,66066,68225,2160,forward,GO:0005524 - ATP binding [Evidence IEA]; GO:0016887 - ATP hydrolysis activity [Evidence IEA],,,,,,,,,,,,,SGL_RS01695,slr6071,,,AAA family ATPase,,,,WP_223211256.1,
AAA family ATPase CDS,mvR10_Howe,11348,13507,2160,forward,GO:0005524 - ATP binding [Evidence IEA]; GO:0016887 - ATP hydrolysis activity [Evidence IEA],,,,,,,,,,,,,SGL_RS01425,slr6012,,,AAA family ATPase,,,,WP_223211256.1,
phospholipase D family protein CDS,mvR10_Howe,71154,72809,1656,forward,,,,,,,,,,,,,,SGL_RS01710,slr6074,,,phospholipase D family protein,,,,WP_011153834.1,
phospholipase D family protein CDS,mvR10_Howe,16436,18091,1656,forward,,,,,,,,,,,,,,SGL_RS01440,slr6015,,,phospholipase D family protein,,,,WP_011153834.1,
efflux RND transporter periplasmic adaptor subunit CDS,mvR10_Howe,37542,39119,1578,forward,GO:0005215 - transporter activity [Evidence IEA],,,,,,,,,,,,GO:0006810 - transport [Evidence IEA],SGL_RS01560,slr6042,,,efflux RND transporter periplasmic adaptor subunit,,,,WP_223211263.1,GO:0016020 - membrane [Evidence IEA]
class I SAM-dependent DNA methyltransferase CDS,mvR10_Howe,88430,89968,1539,forward,GO:0008168 - methyltransferase activity [Evidence IEA]; GO:1904047 - S-adenosyl-L-methionine binding [Evidence IEA],,,,,,,,,,,,,SGL_RS19530,,2.1.1.-,,class I SAM-dependent DNA methyltransferase,,,,WP_011153889.1,
DUF2357 domain-containing protein CDS,mvR10_Howe,13483,15039,1557,forward,,,,,,,,,,,,,,SGL_RS01430,slr6013,,,DUF2357 domain-containing protein,,,,WP_011153832.1,
DUF2357 domain-containing protein CDS,mvR10_Howe,68201,69757,1557,forward,,,,,,,,,,,,,,SGL_RS01700,slr6072,,,DUF2357 domain-containing protein,,,,WP_011153832.1,
ThiF family adenylyltransferase CDS,mvR10_Howe,51986,53401,1416,reverse,GO:0008641 - ubiquitin-like modifier activating enzyme activity [Evidence IEA],,,,,,,,,,,,,SGL_RS01610,sll6053,,,ThiF family adenylyltransferase,,,,WP_011153872.1,
hypothetical protein CDS,mvR10_Howe,69754,71157,1404,forward,,,,,,,,,,,,,,SGL_RS01705,slr6073,,,hypothetical protein,,,,WP_011153833.1,
hypothetical protein CDS,mvR10_Howe,15036,16439,1404,forward,,,,,,,,,,,,,,SGL_RS01435,slr6014,,,hypothetical protein,,,,WP_011153833.1,
rppB CDS,mvR10_Howe,36066,37418,1353,forward,GO:0000155 - phosphorelay sensor kinase activity [Evidence IEA],,,,,,,,,,,,,SGL_RS01555,slr6041,2.7.13.3,rppB,two-component system sensor histidine kinase RppB,,,,WP_011153860.1,
AIPR family protein CDS,mvR10_Howe,100603,101829,1227,forward,,,,,,,,,,,,,,SGL_RS01855,slr6106,,,AIPR family protein,,,,WP_011153899.1,
restriction endonuclease subunit S CDS,mvR10_Howe,91096,92280,1185,forward,GO:0003677 - DNA binding [Evidence IEA],,,,,,,,,,,,GO:0006304 - DNA modification [Evidence IEA],SGL_RS01815,slr6097,3.1.21.-,,restriction endonuclease subunit S,,,,WP_011153891.1,
IS4-like element IS4Sa family transposase CDS,mvR10_Howe,99535,100551,1017,forward,GO:0004803 - transposase activity [Evidence IEA],,,,,,,,,,,,GO:0006313 - DNA transposition [Evidence IEA],SGL_RS01850,slr6105,,,IS4-like element IS4Sa family transposase,,,,WP_010872287.1,
hypothetical protein CDS,mvR10_Howe,89982,91103,1122,forward,,,,,,,,,,,,,,SGL_RS19535,,,,hypothetical protein,,,,WP_011153890.1,
DUF87 domain-containing protein CDS,mvR10_Howe,61115,62188,1074,forward,,,,,,,,,,,,,,SGL_RS01670,slr6066,,,DUF87 domain-containing protein,,,,WP_011153826.1,
Fic family protein CDS,mvR10_Howe,92267,93343,1077,reverse,,,,,,,,,,,,,,SGL_RS01820,sll6098,,,Fic family protein,,,,WP_011153892.1,
DUF87 domain-containing protein CDS,mvR10_Howe,6397,7470,1074,forward,,,,,,,,,,,,,,SGL_RS01400,slr6007,,,DUF87 domain-containing protein,,,,WP_011153826.1,
metal-dependent hydrolase CDS,mvR10_Howe,5251,6279,1029,forward,,,,,,,,,,,,,,SGL_RS01395,slr6006,,,metal-dependent hydrolase,,,,WP_011153825.1,
metal-dependent hydrolase CDS,mvR10_Howe,59969,60997,1029,forward,,,,,,,,,,,,,,SGL_RS01665,slr6065,,,metal-dependent hydrolase,,,,WP_011153825.1,
hypothetical protein CDS,mvR10_Howe,7565,8596,1032,forward,,,,,,,,,,,,,,SGL_RS01405,slr6008,,,hypothetical protein,,,,WP_011153827.1,
hypothetical protein CDS,mvR10_Howe,62283,63314,1032,forward,,,,,,,,,,,,,,SGL_RS01675,slr6067,,,hypothetical protein,,,,WP_011153827.1,
ATP-binding protein CDS,mvR10_Howe,4346,5251,906,forward,GO:0005524 - ATP binding [Evidence IEA],,,,,,,,,,,,,SGL_RS01390,slr6005,,,ATP-binding protein,,,,WP_223211252.1,
ATP-binding protein CDS,mvR10_Howe,59064,59969,906,forward,GO:0005524 - ATP binding [Evidence IEA],,,,,,,,,,,,,SGL_RS01660,slr6064,,,ATP-binding protein,,,,WP_223211252.1,
hypothetical protein CDS,mvR10_Howe,63247,64167,921,forward,,,,,,,,,,,,,,SGL_RS01680,slr6068,,,hypothetical protein,,,,WP_223211253.1,
hypothetical protein CDS,mvR10_Howe,8529,9449,921,forward,,,,,,,,,,,,,,SGL_RS01410,slr6009,,,hypothetical protein,,,,WP_223211253.1,
Rpn family recombination-promoting nuclease/putative transposase CDS,mvR10_Howe,20559,21329,771,reverse,,,,,,,,,,,,,,SGL_RS01450,sll6017,,,Rpn family recombination-promoting nuclease/putative transposase,,,,WP_011153836.1,
Rpn family recombination-promoting nuclease/putative transposase CDS,mvR10_Howe,75277,76047,771,reverse,,,,,,,,,,,,,,SGL_RS01720,sll6076,,,Rpn family recombination-promoting nuclease/putative transposase,,,,WP_011153836.1,
NERD domain-containing protein CDS,mvR10_Howe,102911,103720,810,forward,,,,,,,,,,,,,,SGL_RS01865,slr6108,,,NERD domain-containing protein,,,,WP_011153901.1,
hypothetical protein CDS,mvR10_Howe,98943,99497,555,forward,,,,,,,,,,,,,,SGL_RS01845,slr6104,,,hypothetical protein,,,,WP_011153898.1,
rppA CDS,mvR10_Howe,35381,36079,699,forward,GO:0000156 - phosphorelay response regulatoractivity [Evidence IEA]; GO:0000976 - transcriptioncis-regulatory region binding [Evidence IEA],,,,,,,,,,,,GO:0006355 - regulation of DNA-templated transcription [Evidence IEA],SGL_RS01550,slr6040,,rppA,two-component system response regulator RppA,,,,WP_011153859.1,
SprT family zinc-dependent metalloprotease CDS,mvR10_Howe,97898,98596,699,forward,GO:0046872 - metal ion binding [Evidence IEA]; GO:0008237 - metallopeptidase activity [Evidence IEA],,,,,,,,,,,,GO:0006508 - proteolysis [Evidence IEA],SGL_RS01840,slr6103,3.4.-.-,,SprT family zinc-dependent metalloprotease,,,,WP_041428300.1,
hypothetical protein CDS,mvR10_Howe,9520,10167,648,reverse,,,,,,,,,,,,,,SGL_RS01415,sll6010,,,hypothetical protein,,,,WP_223211254.1,
thermonuclease family protein CDS,mvR10_Howe,64942,65613,672,forward,,,,,,,,,,,,,,SGL_RS01690,slr6070,,,thermonuclease family protein,,,,WP_223211255.1,
thermonuclease family protein CDS,mvR10_Howe,10224,10895,672,forward,,,,,,,,,,,,,,SGL_RS01420,slr6011,,,thermonuclease family protein,,,,WP_223211255.1,
hypothetical protein CDS,mvR10_Howe,64238,64885,648,reverse,,,,,,,,,,,,,,SGL_RS01685,sll6069,,,hypothetical protein,,,,WP_223211254.1,
ParA family protein CDS,mvR10_Howe,32890,33495,606,reverse,GO:0005524 - ATP binding [Evidence IEA],,,,,,,,,,,,,SGL_RS01535,sll6036,,,ParA family protein,,,,WP_011153855.1,
ParA family protein CDS,mvR10_Howe,87258,87854,597,reverse,GO:0005524 - ATP binding [Evidence IEA],,,,,,,,,,,,,SGL_RS01800,sll6093,,,ParA family protein,,,,WP_011153887.1,
DUF305 domain-containing protein CDS,mvR10_Howe,34784,35374,591,forward,,,,,,,,,,,,,,SGL_RS01545,slr6039,,,DUF305 domain-containing protein,,,,WP_011153858.1,
CAP domain-containing protein CDS,mvR10_Howe,55646,56236,591,forward,,,,,,,,,,,,,,SGL_RS01635,slr6058,,,CAP domain-containing protein,,,,WP_011153877.1,
hypothetical protein CDS,mvR10_Howe,77988,78551,564,forward,,,,,,,,,,,,,,SGL_RS01740,slr6081,,,hypothetical protein,,,,WP_223211257.1,
ImmA/IrrE family metallo-endopeptidase CDS,mvR10_Howe,54708,55295,588,forward,,,,,,,,,,,,,,SGL_RS01630,slr6057,,,ImmA/IrrE family metallo-endopeptidase,,,,WP_011153876.1,
hypothetical protein CDS,mvR10_Howe,23270,23833,564,forward,,,,,,,,,,,,,,SGL_RS01470,slr6022,,,hypothetical protein,,,,WP_223211257.1,
site-specific integrase CDS,mvR10_Howe,103764,104327,564,reverse,GO:0003677 - DNA binding [Evidence IEA],,,,,,,,,,,,GO:0015074 - DNA integration [Evidence IEA]; GO:0006310 - DNA recombination [Evidence IEA],SGL_RS01870,sll6109,,,site-specific integrase,,,,WP_011153902.1,
site-specific integrase CDS,mvR10_Howe,56265,56831,567,reverse,GO:0003677 - DNA binding [Evidence IEA],,,,,,,,,,,,GO:0015074 - DNA integration [Evidence IEA]; GO:0006310 - DNA recombination [Evidence IEA],SGL_RS01640,sll6059,,,site-specific integrase,,,,WP_011153878.1,
hypothetical protein CDS,mvR10_Howe,58570,59124,555,forward,,,,,,,,,,,,,,SGL_RS01655,slr6063,,,hypothetical protein,,,,WP_011153882.1,
siphovirus Gp157 family protein CDS,mvR10_Howe,26096,26653,558,forward,,,,,,,,,,,,,,SGL_RS01500,slr6028,,,siphovirus Gp157 family protein,,,,WP_011153847.1,
siphovirus Gp157 family protein CDS,mvR10_Howe,80814,81371,558,forward,,,,,,,,,,,,,,SGL_RS01770,slr6087,,,siphovirus Gp157 family protein,,,,WP_011153847.1,
N-acetyltransferase CDS,mvR10_Howe,57133,57666,534,reverse,GO:0008080 - N-acetyltransferase activity [Evidence IEA],,,,,,,,,,,,,SGL_RS01645,sll6060,2.3.1.-,,N-acetyltransferase,,,,WP_011153879.1,
Rad52/Rad22 family DNA repair protein CDS,mvR10_Howe,26745,27242,498,forward,,,,,,,,,,,,,,SGL_RS01505,slr6029,,,Rad52/Rad22 family DNA repair protein,,,,WP_011153848.1,
CAP domain-containing protein CDS,mvR10_Howe,102151,102672,522,forward,,,,,,,,,,,,,,SGL_RS01860,slr6107,,,CAP domain-containing protein,,,,WP_011153900.1,
Rad52/Rad22 family DNA repair protein CDS,mvR10_Howe,81463,81960,498,forward,,,,,,,,,,,,,,SGL_RS01775,slr6088,,,Rad52/Rad22 family DNA repair protein,,,,WP_011153848.1,
antirestriction protein ArdA CDS,mvR10_Howe,24638,25147,510,forward,,,,,,,,,,,,,,SGL_RS01485,slr6025,,,antirestriction protein ArdA,,,,WP_011153844.1,
antirestriction protein ArdA CDS,mvR10_Howe,79356,79865,510,forward,,,,,,,,,,,,,,SGL_RS01755,slr6084,,,antirestriction protein ArdA,,,,WP_011153844.1,
hypothetical protein CDS,mvR10_Howe,77205,77669,465,forward,,,,,,,,,,,,,,SGL_RS01735,slr6080,,,hypothetical protein,,,,WP_011153840.1,
hypothetical protein CDS,mvR10_Howe,42326,42805,480,forward,,,,,,,,,,,,,,SGL_RS01570,slr6044,,,hypothetical protein,,,,WP_011153863.1,
hypothetical protein CDS,mvR10_Howe,22487,22951,465,forward,,,,,,,,,,,,,,SGL_RS01465,slr6021,,,hypothetical protein,,,,WP_011153840.1,
multiubiquitin domain-containing protein CDS,mvR10_Howe,53782,54240,459,reverse,,,,,,,,,,,,,,SGL_RS01620,sll6055,,,multiubiquitin domain-containing protein,,,,WP_011153874.1,
arsenate reductase family protein CDS,mvR10_Howe,33889,34311,423,forward,,,,,,,,,,,,,,SGL_RS01540,slr6037,,,arsenate reductase family protein,,,,WP_011153856.1,
hypothetical protein CDS,mvR10_Howe,86472,86870,399,forward,,,,,,,,,,,,,,SGL_RS19330,,,,hypothetical protein,,,,WP_223211259.1,
transcriptional regulator CDS,mvR10_Howe,94281,94700,420,forward,,,,,,,,,,,,,,SGL_RS01830,slr6101,,,transcriptional regulator,,,,WP_011153895.1,
cytidine deaminase CDS,mvR10_Howe,32129,32545,417,forward,GO:0004126 - cytidine deaminase activity [Evidence IEA]; GO:0008270 - zinc ion binding [Evidence IEA],,,,,,,,,,,,GO:0009972 - cytidine deamination [Evidence IEA],SGL_RS01525,slr6034,3.5.4.5,,cytidine deaminase,,,,WP_011153853.1,
type II toxin-antitoxin system VapC family toxin CDS,mvR10_Howe,47402,47815,414,forward,,,,,,,,,,,,,,SGL_RS01595,slr6049,,,type II toxin-antitoxin system VapC family toxin,,,,WP_041428298.1,
hypothetical protein CDS,mvR10_Howe,31409,31801,393,forward,,,,,,,,,,,,,,SGL_RS19320,,,,hypothetical protein,,,,WP_223211262.1,
DUF6527 family protein CDS,mvR10_Howe,51619,52014,396,reverse,,,,,,,,,,,,,,SGL_RS20235,,,,DUF6527 family protein,,,,WP_011153871.1,
E2/UBC family protein CDS,mvR10_Howe,53398,53778,381,reverse,,,,,,,,,,,,,,SGL_RS01615,sll6054,,,E2/UBC family protein,,,,WP_041428303.1,
DUF2513 domain-containing protein CDS,mvR10_Howe,51133,51513,381,forward,,,,,,,,,,,,,,SGL_RS01605,slr6051,,,DUF2513 domain-containing protein,,,,WP_011153870.1,
hypothetical protein CDS,mvR10_Howe,4050,4406,357,forward,,,,,,,,,,,,,,SGL_RS19725,,,,hypothetical protein,,,,WP_011153823.1,
helix-turn-helix transcriptional regulator CDS,mvR10_Howe,54343,54702,360,forward,,,,,,,,,,,,,,SGL_RS01625,slr6056,,,helix-turn-helix transcriptional regulator,,,,WP_011153875.1,
HNH endonuclease CDS,mvR10_Howe,88094,88417,324,forward,,,,,,,,,,,,,,SGL_RS18620,,,,HNH endonuclease,,,,WP_011153888.1,
type II toxin-antitoxin system HigB family toxin CDS,mvR10_Howe,93820,94140,321,forward,,,,,,,,,,,,,,SGL_RS01825,slr6100,,,type II toxin-antitoxin system HigB family toxin,,,,WP_011153894.1,
HNH endonuclease CDS,mvR10_Howe,34375,34668,294,forward,,,,,,,,,,,,,,SGL_RS18595,,,,HNH endonuclease,,,,WP_071822683.1,
hypothetical protein CDS,mvR10_Howe,43066,43374,309,forward,,,,,,,,,,,,,,SGL_RS01575,slr6045,,,hypothetical protein,,,,WP_011153864.1,
hypothetical protein CDS,mvR10_Howe,79934,80191,258,forward,,,,,,,,,,,,,,SGL_RS01760,ssr6085,,,hypothetical protein,,,,WP_011153845.1,
hypothetical protein CDS,mvR10_Howe,25216,25473,258,forward,,,,,,,,,,,,,,SGL_RS01490,ssr6026,,,hypothetical protein,,,,WP_011153845.1,
hypothetical protein CDS,mvR10_Howe,87011,87265,255,reverse,,,,,,,,,,,,,,SGL_RS01795,ssl6092,,,hypothetical protein,,,,WP_223211260.1,
hypothetical protein CDS,mvR10_Howe,3505,3753,249,forward,,,,,,,,,,,,,,SGL_RS01375,ssr6002,,,hypothetical protein,,,,WP_011153821.1,
hypothetical protein CDS,mvR10_Howe,58222,58470,249,forward,,,,,,,,,,,,,,SGL_RS01650,ssr6062,,,hypothetical protein,,,,WP_011153881.1,
hypothetical protein CDS,mvR10_Howe,32660,32893,234,reverse,,,,,,,,,,,,,,SGL_RS01530,ssl6035,,,hypothetical protein,,,,WP_011153854.1,
hypothetical protein CDS,mvR10_Howe,3853,4080,228,forward,,,,,,,,,,,,,,SGL_RS19720,,,,hypothetical protein,,,,WP_011153822.1,
hypothetical protein CDS,mvR10_Howe,80550,80750,201,forward,,,,,,,,,,,,,,SGL_RS19325,,,,hypothetical protein,,,,WP_143705304.1,
hypothetical protein CDS,mvR10_Howe,25832,26032,201,forward,,,,,,,,,,,,,,SGL_RS19315,,,,hypothetical protein,,,,WP_143705304.1,
hypothetical protein CDS,mvR10_Howe,47182,47409,228,forward,,,,,,,,,,,,,,SGL_RS01590,ssr6048,,,hypothetical protein,,,,WP_011153867.1,
hypothetical protein CDS,mvR10_Howe,25538,25729,192,forward,,,,,,,,,,,,,,SGL_RS01495,ssr6027,,,hypothetical protein,,,,WP_011153846.1,
hypothetical protein CDS,mvR10_Howe,21554,21769,216,reverse,,,,,,,,,,,,,,SGL_RS01455,ssl6018,,,hypothetical protein,,,,WP_011153837.1,
hypothetical protein CDS,mvR10_Howe,76272,76487,216,reverse,,,,,,,,,,,,,,SGL_RS01725,ssl6077,,,hypothetical protein,,,,WP_011153837.1,
hypothetical protein CDS,mvR10_Howe,23898,24110,213,reverse,,,,,,,,,,,,,,SGL_RS01475,ssl6023,,,hypothetical protein,,,,WP_011153842.1,
hypothetical protein CDS,mvR10_Howe,78616,78828,213,reverse,,,,,,,,,,,,,,SGL_RS01745,ssl6082,,,hypothetical protein,,,,WP_011153842.1,
hypothetical protein CDS,mvR10_Howe,43486,43689,204,forward,,,,,,,,,,,,,,SGL_RS01580,ssr6046,,,hypothetical protein,,,,WP_011153865.1,
hypothetical protein CDS,mvR10_Howe,80256,80447,192,forward,,,,,,,,,,,,,,SGL_RS01765,ssr6086,,,hypothetical protein,,,,WP_011153846.1,
hypothetical protein CDS,mvR10_Howe,24263,24442,180,forward,,,,,,,,,,,,,,SGL_RS01480,ssr6024,,,hypothetical protein,,,,WP_011153843.1,
hypothetical protein CDS,mvR10_Howe,78981,79160,180,forward,,,,,,,,,,,,,,SGL_RS01750,ssr6083,,,hypothetical protein,,,,WP_011153843.1,
hypothetical protein CDS,mvR10_Howe,3099,3233,135,reverse,,,,,,,,,,,,,,SGL_RS20090,,,,hypothetical protein,,,,WP_255347038.1,
hypothetical protein CDS,mvR10_Howe,24442,24573,132,forward,,,,,,,,,,,,,,SGL_RS20095,,,,hypothetical protein,,,,WP_255347037.1,
hypothetical protein CDS,mvR10_Howe,79160,79291,132,forward,,,,,,,,,,,,,,SGL_RS20100,,,,hypothetical protein,,,,WP_255347037.1,
DNA cytosine methyltransferase CDS,mvR10_Howe,31354,>31461,>108,forward,,,,,,,,,,,,,,SGL_RS19730,,,,DNA cytosine methyltransferase,,,,,
DNA cytosine methyltransferase CDS,mvR10_Howe,86417,>86521,>105,forward,,,,,,,,,,,,,,SGL_RS19740,,,,DNA cytosine methyltransferase,,,,,
gene,mvR10_Howe,1,106004,1251,forward,,,,,,,,,,,,,,SGL_RS01365,slr6110,,,,,,,,
gene,mvR10_Howe,82861,86385,3525,forward,,,,,,,,,,,,,,SGL_RS01785,slr6090,,,,,,,,
gene,mvR10_Howe,43696,47151,3456,forward,,,,,,,,,,,,,,SGL_RS01585,slr6047,,,,,,,,
gene,mvR10_Howe,27957,31322,3366,forward,,,,,,,,,,,,,,SGL_RS01515,slr6031,,,,,,,,
gene,mvR10_Howe,47827,51129,3303,forward,,,,,,,,,,,,,,SGL_RS01600,slr6050,,,,,,,,
gene,mvR10_Howe,94722,97901,3180,forward,,,,,,,,,,,,,,SGL_RS01835,slr6102,,,,,,,,
gene,mvR10_Howe,39171,42311,3141,forward,,,,,,,,,,,,,,SGL_RS01565,slr6043,,,,,,,,
gene,mvR10_Howe,243,3053,2811,forward,,,,,,,,,,,,,,SGL_RS01370,slr6001,,,,,,,,
gene,mvR10_Howe,18098,20500,2403,forward,,,,,,,,,,,,,,SGL_RS01445,slr6016,,,,,,,,
gene,mvR10_Howe,72816,75218,2403,forward,,,,,,,,,,,,,,SGL_RS01715,slr6075,,,,,,,,
gene,mvR10_Howe,66066,68225,2160,forward,,,,,,,,,,,,,,SGL_RS01695,slr6071,,,,,,,,
gene,mvR10_Howe,11348,13507,2160,forward,,,,,,,,,,,,,,SGL_RS01425,slr6012,,,,,,,,
gene,mvR10_Howe,71154,72809,1656,forward,,,,,,,,,,,,,,SGL_RS01710,slr6074,,,,,,,,
gene,mvR10_Howe,16436,18091,1656,forward,,,,,,,,,,,,,,SGL_RS01440,slr6015,,,,,,,,
gene,mvR10_Howe,37542,39119,1578,forward,,,,,,,,,,,,,,SGL_RS01560,slr6042,,,,,,,,
gene,mvR10_Howe,88430,89968,1539,forward,,,,,,,,,,,,,,SGL_RS19530,,,,,,,,,
gene,mvR10_Howe,13483,15039,1557,forward,,,,,,,,,,,,,,SGL_RS01430,slr6013,,,,,,,,
gene,mvR10_Howe,68201,69757,1557,forward,,,,,,,,,,,,,,SGL_RS01700,slr6072,,,,,,,,
gene,mvR10_Howe,51986,53401,1416,reverse,,,,,,,,,,,,,,SGL_RS01610,sll6053,,,,,,,,
gene,mvR10_Howe,69754,71157,1404,forward,,,,,,,,,,,,,,SGL_RS01705,slr6073,,,,,,,,
gene,mvR10_Howe,15036,16439,1404,forward,,,,,,,,,,,,,,SGL_RS01435,slr6014,,,,,,,,
rppB gene,mvR10_Howe,36066,37418,1353,forward,,,,,,,,,,,,,,SGL_RS01555,slr6041,,rppB,,,,,,
gene,mvR10_Howe,100603,101829,1227,forward,,,,,,,,,,,,,,SGL_RS01855,slr6106,,,,,,,,
gene,mvR10_Howe,91096,92280,1185,forward,,,,,,,,,,,,,,SGL_RS01815,slr6097,,,,,,,,
gene,mvR10_Howe,99535,100551,1017,forward,,,,,,,,,,,,,,SGL_RS01850,slr6105,,,,,,,,
gene,mvR10_Howe,89982,91103,1122,forward,,,,,,,,,,,,,,SGL_RS19535,,,,,,,,,
gene,mvR10_Howe,61115,62188,1074,forward,,,,,,,,,,,,,,SGL_RS01670,slr6066,,,,,,,,
gene,mvR10_Howe,92267,93343,1077,reverse,,,,,,,,,,,,,,SGL_RS01820,sll6098,,,,,,,,
gene,mvR10_Howe,6397,7470,1074,forward,,,,,,,,,,,,,,SGL_RS01400,slr6007,,,,,,,,
gene,mvR10_Howe,5251,6279,1029,forward,,,,,,,,,,,,,,SGL_RS01395,slr6006,,,,,,,,
gene,mvR10_Howe,59969,60997,1029,forward,,,,,,,,,,,,,,SGL_RS01665,slr6065,,,,,,,,
gene,mvR10_Howe,7565,8596,1032,forward,,,,,,,,,,,,,,SGL_RS01405,slr6008,,,,,,,,
gene,mvR10_Howe,62283,63314,1032,forward,,,,,,,,,,,,,,SGL_RS01675,slr6067,,,,,,,,
gene,mvR10_Howe,4346,5251,906,forward,,,,,,,,,,,,,,SGL_RS01390,slr6005,,,,,,,,
gene,mvR10_Howe,59064,59969,906,forward,,,,,,,,,,,,,,SGL_RS01660,slr6064,,,,,,,,
gene,mvR10_Howe,63247,64167,921,forward,,,,,,,,,,,,,,SGL_RS01680,slr6068,,,,,,,,
gene,mvR10_Howe,8529,9449,921,forward,,,,,,,,,,,,,,SGL_RS01410,slr6009,,,,,,,,
gene,mvR10_Howe,20559,21329,771,reverse,,,,,,,,,,,,,,SGL_RS01450,sll6017,,,,,,,,
gene,mvR10_Howe,75277,76047,771,reverse,,,,,,,,,,,,,,SGL_RS01720,sll6076,,,,,,,,
gene,mvR10_Howe,102911,103720,810,forward,,,,,,,,,,,,,,SGL_RS01865,slr6108,,,,,,,,
gene,mvR10_Howe,98943,99497,555,forward,,,,,,,,,,,,,,SGL_RS01845,slr6104,,,,,,,,
rppA gene,mvR10_Howe,35381,36079,699,forward,,,,,,,,,,,,,,SGL_RS01550,slr6040,,rppA,,,,,,
gene,mvR10_Howe,97898,98596,699,forward,,,,,,,,,,,,,,SGL_RS01840,slr6103,,,,,,,,
gene,mvR10_Howe,9520,10167,648,reverse,,,,,,,,,,,,,,SGL_RS01415,sll6010,,,,,,,,
gene,mvR10_Howe,64942,65613,672,forward,,,,,,,,,,,,,,SGL_RS01690,slr6070,,,,,,,,
gene,mvR10_Howe,10224,10895,672,forward,,,,,,,,,,,,,,SGL_RS01420,slr6011,,,,,,,,
gene,mvR10_Howe,64238,64885,648,reverse,,,,,,,,,,,,,,SGL_RS01685,sll6069,,,,,,,,
gene,mvR10_Howe,32890,33495,606,reverse,,,,,,,,,,,,,,SGL_RS01535,sll6036,,,,,,,,
gene,mvR10_Howe,87258,87854,597,reverse,,,,,,,,,,,,,,SGL_RS01800,sll6093,,,,,,,,
gene,mvR10_Howe,34784,35374,591,forward,,,,,,,,,,,,,,SGL_RS01545,slr6039,,,,,,,,
gene,mvR10_Howe,55646,56236,591,forward,,,,,,,,,,,,,,SGL_RS01635,slr6058,,,,,,,,
gene,mvR10_Howe,77988,78551,564,forward,,,,,,,,,,,,,,SGL_RS01740,slr6081,,,,,,,,
gene,mvR10_Howe,54708,55295,588,forward,,,,,,,,,,,,,,SGL_RS01630,slr6057,,,,,,,,
gene,mvR10_Howe,23270,23833,564,forward,,,,,,,,,,,,,,SGL_RS01470,slr6022,,,,,,,,
gene,mvR10_Howe,103764,104327,564,reverse,,,,,,,,,,,,,,SGL_RS01870,sll6109,,,,,,,,
gene,mvR10_Howe,56265,56831,567,reverse,,,,,,,,,,,,,,SGL_RS01640,sll6059,,,,,,,,
gene,mvR10_Howe,58570,59124,555,forward,,,,,,,,,,,,,,SGL_RS01655,slr6063,,,,,,,,
gene,mvR10_Howe,26096,26653,558,forward,,,,,,,,,,,,,,SGL_RS01500,slr6028,,,,,,,,
gene,mvR10_Howe,80814,81371,558,forward,,,,,,,,,,,,,,SGL_RS01770,slr6087,,,,,,,,
gene,mvR10_Howe,57133,57666,534,reverse,,,,,,,,,,,,,,SGL_RS01645,sll6060,,,,,,,,
gene,mvR10_Howe,26745,27242,498,forward,,,,,,,,,,,,,,SGL_RS01505,slr6029,,,,,,,,
gene,mvR10_Howe,102151,102672,522,forward,,,,,,,,,,,,,,SGL_RS01860,slr6107,,,,,,,,
gene,mvR10_Howe,81463,81960,498,forward,,,,,,,,,,,,,,SGL_RS01775,slr6088,,,,,,,,
gene,mvR10_Howe,24638,25147,510,forward,,,,,,,,,,,,,,SGL_RS01485,slr6025,,,,,,,,
gene,mvR10_Howe,79356,79865,510,forward,,,,,,,,,,,,,,SGL_RS01755,slr6084,,,,,,,,
gene,mvR10_Howe,77205,77669,465,forward,,,,,,,,,,,,,,SGL_RS01735,slr6080,,,,,,,,
gene,mvR10_Howe,42326,42805,480,forward,,,,,,,,,,,,,,SGL_RS01570,slr6044,,,,,,,,
gene,mvR10_Howe,22487,22951,465,forward,,,,,,,,,,,,,,SGL_RS01465,slr6021,,,,,,,,
gene,mvR10_Howe,53782,54240,459,reverse,,,,,,,,,,,,,,SGL_RS01620,sll6055,,,,,,,,
gene,mvR10_Howe,33889,34311,423,forward,,,,,,,,,,,,,,SGL_RS01540,slr6037,,,,,,,,
gene,mvR10_Howe,86472,86870,399,forward,,,,,,,,,,,,,,SGL_RS19330,,,,,,,,,
gene,mvR10_Howe,94281,94700,420,forward,,,,,,,,,,,,,,SGL_RS01830,slr6101,,,,,,,,
gene,mvR10_Howe,32129,32545,417,forward,,,,,,,,,,,,,,SGL_RS01525,slr6034,,,,,,,,
gene,mvR10_Howe,47402,47815,414,forward,,,,,,,,,,,,,,SGL_RS01595,slr6049,,,,,,,,
gene,mvR10_Howe,31409,31801,393,forward,,,,,,,,,,,,,,SGL_RS19320,,,,,,,,,
gene,mvR10_Howe,51619,52014,396,reverse,,,,,,,,,,,,,,SGL_RS20235,,,,,,,,,
gene,mvR10_Howe,53398,53778,381,reverse,,,,,,,,,,,,,,SGL_RS01615,sll6054,,,,,,,,
gene,mvR10_Howe,51133,51513,381,forward,,,,,,,,,,,,,,SGL_RS01605,slr6051,,,,,,,,
gene,mvR10_Howe,4050,4406,357,forward,,,,,,,,,,,,,,SGL_RS19725,,,,,,,,,
gene,mvR10_Howe,54343,54702,360,forward,,,,,,,,,,,,,,SGL_RS01625,slr6056,,,,,,,,
gene,mvR10_Howe,88094,88417,324,forward,,,,,,,,,,,,,,SGL_RS18620,,,,,,,,,
gene,mvR10_Howe,93820,94140,321,forward,,,,,,,,,,,,,,SGL_RS01825,slr6100,,,,,,,,
gene,mvR10_Howe,34375,34668,294,forward,,,,,,,,,,,,,,SGL_RS18595,,,,,,,,,
gene,mvR10_Howe,43066,43374,309,forward,,,,,,,,,,,,,,SGL_RS01575,slr6045,,,,,,,,
gene,mvR10_Howe,79934,80191,258,forward,,,,,,,,,,,,,,SGL_RS01760,ssr6085,,,,,,,,
gene,mvR10_Howe,25216,25473,258,forward,,,,,,,,,,,,,,SGL_RS01490,ssr6026,,,,,,,,
gene,mvR10_Howe,87011,87265,255,reverse,,,,,,,,,,,,,,SGL_RS01795,ssl6092,,,,,,,,
gene,mvR10_Howe,3505,3753,249,forward,,,,,,,,,,,,,,SGL_RS01375,ssr6002,,,,,,,,
gene,mvR10_Howe,58222,58470,249,forward,,,,,,,,,,,,,,SGL_RS01650,ssr6062,,,,,,,,
gene,mvR10_Howe,32660,32893,234,reverse,,,,,,,,,,,,,,SGL_RS01530,ssl6035,,,,,,,,
gene,mvR10_Howe,3853,4080,228,forward,,,,,,,,,,,,,,SGL_RS19720,,,,,,,,,
gene,mvR10_Howe,80550,80750,201,forward,,,,,,,,,,,,,,SGL_RS19325,,,,,,,,,
gene,mvR10_Howe,25832,26032,201,forward,,,,,,,,,,,,,,SGL_RS19315,,,,,,,,,
gene,mvR10_Howe,47182,47409,228,forward,,,,,,,,,,,,,,SGL_RS01590,ssr6048,,,,,,,,
gene,mvR10_Howe,25538,25729,192,forward,,,,,,,,,,,,,,SGL_RS01495,ssr6027,,,,,,,,
gene,mvR10_Howe,21554,21769,216,reverse,,,,,,,,,,,,,,SGL_RS01455,ssl6018,,,,,,,,
gene,mvR10_Howe,76272,76487,216,reverse,,,,,,,,,,,,,,SGL_RS01725,ssl6077,,,,,,,,
gene,mvR10_Howe,23898,24110,213,reverse,,,,,,,,,,,,,,SGL_RS01475,ssl6023,,,,,,,,
gene,mvR10_Howe,78616,78828,213,reverse,,,,,,,,,,,,,,SGL_RS01745,ssl6082,,,,,,,,
gene,mvR10_Howe,43486,43689,204,forward,,,,,,,,,,,,,,SGL_RS01580,ssr6046,,,,,,,,
gene,mvR10_Howe,80256,80447,192,forward,,,,,,,,,,,,,,SGL_RS01765,ssr6086,,,,,,,,
gene,mvR10_Howe,24263,24442,180,forward,,,,,,,,,,,,,,SGL_RS01480,ssr6024,,,,,,,,
gene,mvR10_Howe,78981,79160,180,forward,,,,,,,,,,,,,,SGL_RS01750,ssr6083,,,,,,,,
gene,mvR10_Howe,3099,3233,135,reverse,,,,,,,,,,,,,,SGL_RS20090,,,,,,,,,
gene,mvR10_Howe,24442,24573,132,forward,,,,,,,,,,,,,,SGL_RS20095,,,,,,,,,
gene,mvR10_Howe,79160,79291,132,forward,,,,,,,,,,,,,,SGL_RS20100,,,,,,,,,
gene,mvR10_Howe,31354,>31461,>108,forward,,,,,,,,,,,,,,SGL_RS19730,,,,,,,,,
gene,mvR10_Howe,86417,>86521,>105,forward,,,,,,,,,,,,,,SGL_RS19740,,,,,,,,,
A,mvR10_Howe,3,3,1,none,,,EAL domain-containing protein CDS,999,22.8%,C -> A,GTC -> GTA,114,SNP (transversion),None,5.2E-61,3,,SGL_RS01365,,,,EAL domain-containing protein,47.4%,C,A,WP_011153819.1,
GTCG,mvR10_Howe,5,4,0,none,,,EAL domain-containing protein CDS,1001,20.3%,+GTCG,,118,Insertion,Frame Shift,3.4E-41,2,,SGL_RS01365,,,,EAL domain-containing protein,,,GTCG,WP_011153819.1,
CGA,mvR10_Howe,6,5,0,none,,D -> DD,EAL domain-containing protein CDS,1002,22.5%,+CGA,"GAC -> GAC,GAC",120,Insertion,Insertion,1.2E-49,3,,SGL_RS01365,,,,EAL domain-containing protein,,,CGA,WP_011153819.1,
G,mvR10_Howe,4241,4241,1,none,,I -> M,hypothetical protein CDS,192,52.2%,C -> G,ATC -> ATG,808,SNP (transversion),Substitution,6.7E-13,3,,SGL_RS19725,,,,hypothetical protein,47.8%,C,G,WP_011153823.1,
T,mvR10_Howe,4253,4253,1,none,,,hypothetical protein CDS,204,51.8%,C -> T,CCC -> CCT,828,SNP (transition),None,2.0E-12,3,,SGL_RS19725,,,,hypothetical protein,48.1%,C,T,WP_011153823.1,
C,mvR10_Howe,4295,4295,1,none,,,hypothetical protein CDS,246,80.1%,T -> C,TCT -> TCC,825,SNP (transition),None,3.3E-71,3,,SGL_RS19725,,,,hypothetical protein,19.5%,T,C,WP_011153823.1,
G,mvR10_Howe,4304,4304,1,none,,,hypothetical protein CDS,255,66.1%,C -> G,GCC -> GCG,827,SNP (transversion),None,9.9E-21,3,,SGL_RS19725,,,,hypothetical protein,33.6%,C,G,WP_011153823.1,
A,mvR10_Howe,4337,4337,1,none,,,hypothetical protein CDS,288,76.7%,C -> A,ATC -> ATA,897,SNP (transversion),None,1.6E-18,3,,SGL_RS19725,,,,hypothetical protein,23.3%,C,A,WP_011153823.1,
C,mvR10_Howe,31476,31476,1,none,,L -> S,hypothetical protein CDS,68,23.3%,T -> C,TTG -> TCG,1007,SNP (transition),Substitution,2.2E-68,2,,SGL_RS19320,,,,hypothetical protein,76.4%,T,C,WP_223211262.1,
G,mvR10_Howe,31492,31492,1,none,,,hypothetical protein CDS,84,23.7%,A -> G,ACA -> ACG,994,SNP (transition),None,2.7E-89,3,,SGL_RS19320,,,,hypothetical protein,76.1%,A,G,WP_223211262.1,
T,mvR10_Howe,31506,31506,1,none,,T -> I,hypothetical protein CDS,98,23.3%,C -> T,ACC -> ATC,941,SNP (transition),Substitution,8.7E-100,2,,SGL_RS19320,,,,hypothetical protein,76.7%,C,T,WP_223211262.1,
G,mvR10_Howe,31549,31549,1,none,,,hypothetical protein CDS,141,20.1%,A -> G,CCA -> CCG,872,SNP (transition),None,3.4E-10,3,,SGL_RS19320,,,,hypothetical protein,79.7%,A,G,WP_223211262.1,
G,mvR10_Howe,31792,31792,1,none,,,hypothetical protein CDS,384,20.7%,A -> G,GCA -> GCG,888,SNP (transition),None,1.4E-107,3,,SGL_RS19320,,,,hypothetical protein,79.3%,A,G,WP_223211262.1,
A,mvR10_Howe,31804,31804,1,none,,,,,21.8%,G -> A,,910,SNP (transition),,5.4E-138,,,,,,,,78.2%,G,A,,
A,mvR10_Howe,32264,32264,1,none,,V -> I,cytidine deaminase CDS,136,28.5%,G -> A,GTC -> ATC,804,SNP (transition),Substitution,0.0,1,,SGL_RS01525,,,,cytidine deaminase,71.4%,G,A,WP_011153853.1,
C,mvR10_Howe,32468,32468,1,none,,S -> P,cytidine deaminase CDS,340,24.4%,T -> C,TCA -> CCA,854,SNP (transition),Substitution,0.0,1,,SGL_RS01525,,,,cytidine deaminase,75.5%,T,C,WP_011153853.1,
G,mvR10_Howe,32519,32519,1,none,,I -> V,cytidine deaminase CDS,391,26.1%,A -> G,ATT -> GTT,896,SNP (transition),Substitution,0.0,1,,SGL_RS01525,,,,cytidine deaminase,73.9%,A,G,WP_011153853.1,
C,mvR10_Howe,32753,32753,1,none,,,hypothetical protein CDS,141,22.0%,T -> C,AGA -> AGG,919,SNP (transition),None,1.5E-70,3,,SGL_RS01530,,,,hypothetical protein,77.9%,T,C,WP_011153854.1,
C,mvR10_Howe,32789,32789,1,none,,,hypothetical protein CDS,105,25.7%,T -> C,GAA -> GAG,998,SNP (transition),None,8.8E-105,3,,SGL_RS01530,,,,hypothetical protein,74.2%,T,C,WP_011153854.1,
A,mvR10_Howe,32801,32801,1,none,,,hypothetical protein CDS,93,24.6%,G -> A,GAC -> GAT,963,SNP (transition),None,2.0E-113,3,,SGL_RS01530,,,,hypothetical protein,75.2%,G,A,WP_011153854.1,
C,mvR10_Howe,32810,32810,1,none,,,hypothetical protein CDS,84,25.1%,T -> C,AAA -> AAG,955,SNP (transition),None,5.5E-117,3,,SGL_RS01530,,,,hypothetical protein,74.6%,T,C,WP_011153854.1,
A,mvR10_Howe,32813,32813,1,none,,,hypothetical protein CDS,81,25.1%,G -> A,GGC -> GGT,957,SNP (transition),None,9.0E-117,3,,SGL_RS01530,,,,hypothetical protein,74.8%,G,A,WP_011153854.1,
C,mvR10_Howe,32817,32817,1,none,,K -> R,hypothetical protein CDS,77,25.1%,T -> C,AAA -> AGA,962,SNP (transition),Substitution,3.9E-117,2,,SGL_RS01530,,,,hypothetical protein,74.9%,T,C,WP_011153854.1,
GGT,mvR10_Howe,32825,32827,2,none,,P -> T,hypothetical protein CDS,67,24.2% -> 24.3%,AGG -> GGT,CCT -> ACC,930 -> 932,Substitution,Substitution,4.5E-108,1,,SGL_RS01530,,,,hypothetical protein,,AGG,GGT,WP_011153854.1,
T,mvR10_Howe,32831,32831,1,none,,,hypothetical protein CDS,63,25.2%,C -> T,AGG -> AGA,919,SNP (transition),None,2.8E-134,3,,SGL_RS01530,,,,hypothetical protein,74.6%,C,T,WP_011153854.1,
C,mvR10_Howe,32845,32845,1,none,,T -> A,hypothetical protein CDS,49,25.6%,T -> C,ACA -> GCA,892,SNP (transition),Substitution,3.8E-154,1,,SGL_RS01530,,,,hypothetical protein,74.4%,T,C,WP_011153854.1,
A,mvR10_Howe,32894,32894,1,none,,T -> I,ParA family protein CDS,602,24.4%,G -> A,ACA -> ATA,892,SNP (transition),Substitution,1.1E-204,2,,SGL_RS01535,,,,ParA family protein,74.0%,G,A,WP_011153855.1,
T,mvR10_Howe,32902,32902,1,none,,,ParA family protein CDS,594,23.9%,C -> T,GAG -> GAA,890,SNP (transition),None,1.8E-218,3,,SGL_RS01535,,,,ParA family protein,72.6%,C,T,WP_011153855.1,
A,mvR10_Howe,32974,32974,1,none,,,ParA family protein CDS,522,23.5%,G -> A,TCC -> TCT,928,SNP (transition),None,0.0,3,,SGL_RS01535,,,,ParA family protein,76.3%,G,A,WP_011153855.1,
C,mvR10_Howe,33124,33124,1,none,,,ParA family protein CDS,372,25.0%,A -> C,CGT -> CGG,951,SNP (transversion),None,2.0E-295,3,,SGL_RS01535,,,,ParA family protein,75.0%,A,C,WP_011153855.1,
A,mvR10_Howe,33153,33153,1,none,,,ParA family protein CDS,343,24.3%,G -> A,CTG -> TTG,950,SNP (transition),None,5.7E-261,1,,SGL_RS01535,,,,ParA family protein,75.5%,G,A,WP_011153855.1,
G,mvR10_Howe,33163,33163,1,none,,,ParA family protein CDS,333,23.6%,T -> G,ACA -> ACC,996,SNP (transversion),None,3.1E-239,3,,SGL_RS01535,,,,ParA family protein,76.4%,T,G,WP_011153855.1,
AT,mvR10_Howe,33168,33169,2,none,,ML -> IL,ParA family protein CDS,327,24.3% -> 24.5%,GC -> AT,"ATG,CTG -> ATA,TTG",984 -> 991,Substitution,Substitution,9.1E-249,3,,SGL_RS01535,,,,ParA family protein,,GC,AT,WP_011153855.1,
AA,mvR10_Howe,33174,33175,2,none,,,ParA family protein CDS,321,24.0% -> 24.1%,GG -> AA,"GCC,CTG -> GCT,TTG",1001 -> 1002,Substitution,None,5.3E-246,3,,SGL_RS01535,,,,ParA family protein,,GG,AA,WP_011153855.1,
A,mvR10_Howe,33183,33183,1,none,,,ParA family protein CDS,313,24.0%,G -> A,CTG -> TTG,1012,SNP (transition),None,2.4E-249,1,,SGL_RS01535,,,,ParA family protein,76.0%,G,A,WP_011153855.1,
T,mvR10_Howe,33196,33196,1,none,,,ParA family protein CDS,300,23.7%,C -> T,CCG -> CCA,966,SNP (transition),None,2.7E-278,3,,SGL_RS01535,,,,ParA family protein,76.2%,C,T,WP_011153855.1,
T,mvR10_Howe,33319,33319,1,none,,,ParA family protein CDS,177,26.1%,C -> T,AGG -> AGA,819,SNP (transition),None,0.0,3,,SGL_RS01535,,,,ParA family protein,73.7%,C,T,WP_011153855.1,
GACTGGAC,mvR10_Howe,33739,33738,0,none,,,,,21.1%,+GACTGGAC,,964,Insertion,,0.0,,,,,,,,,,GACTGGAC,,
C,mvR10_Howe,34021,34021,1,none,,,arsenate reductase family protein CDS,133,22.0%,T -> C,TTA -> CTA,954,SNP (transition),None,0.0,1,,SGL_RS01540,,,,arsenate reductase family protein,78.0%,T,C,WP_011153856.1,
A,mvR10_Howe,34032,34032,1,none,,,arsenate reductase family protein CDS,144,22.0%,G -> A,GCG -> GCA,924,SNP (transition),None,0.0,3,,SGL_RS01540,,,,arsenate reductase family protein,77.9%,G,A,WP_011153856.1,
C,mvR10_Howe,34275,34275,1,none,,,arsenate reductase family protein CDS,387,22.1%,G -> C,CTG -> CTC,912,SNP (transversion),None,0.0,3,,SGL_RS01540,,,,arsenate reductase family protein,77.6%,G,C,WP_011153856.1,
T,mvR10_Howe,34944,34944,1,none,,T -> I,DUF305 domain-containing protein CDS,161,27.7%,C -> T,ACT -> ATT,973,SNP (transition),Substitution,0.0,2,,SGL_RS01545,,,,DUF305 domain-containing protein,71.9%,C,T,WP_011153858.1,
G,mvR10_Howe,35170,35170,1,none,,D -> E,DUF305 domain-containing protein CDS,387,29.5%,T -> G,GAT -> GAG,1027,SNP (transversion),Substitution,0.0,3,,SGL_RS01545,,,,DUF305 domain-containing protein,70.3%,T,G,WP_011153858.1,
G,mvR10_Howe,35407,35407,1,none,,,rppA CDS,27,29.9%,A -> G,GAA -> GAG,949,SNP (transition),None,0.0,3,,SGL_RS01550,,,rppA,two-component system response regulator RppA,69.7%,A,G,WP_011153859.1,
C,mvR10_Howe,35424,35424,1,none,,V -> A,rppA CDS,44,30.8%,T -> C,GTG -> GCG,941,SNP (transition),Substitution,0.0,2,,SGL_RS01550,,,rppA,two-component system response regulator RppA,69.1%,T,C,WP_011153859.1,
C,mvR10_Howe,35509,35509,1,none,,,rppA CDS,129,30.9%,T -> C,GGT -> GGC,923,SNP (transition),None,0.0,3,,SGL_RS01550,,,rppA,two-component system response regulator RppA,69.0%,T,C,WP_011153859.1,
C,mvR10_Howe,35524,35524,1,none,,,rppA CDS,144,30.3%,G -> C,ACG -> ACC,902,SNP (transversion),None,0.0,3,,SGL_RS01550,,,rppA,two-component system response regulator RppA,69.7%,G,C,WP_011153859.1,
G,mvR10_Howe,35527,35527,1,none,,,rppA CDS,147,30.2%,A -> G,CTA -> CTG,908,SNP (transition),None,0.0,3,,SGL_RS01550,,,rppA,two-component system response regulator RppA,69.7%,A,G,WP_011153859.1,
G,mvR10_Howe,35548,35548,1,none,,,rppA CDS,168,28.3%,A -> G,GTA -> GTG,916,SNP (transition),None,0.0,3,,SGL_RS01550,,,rppA,two-component system response regulator RppA,71.4%,A,G,WP_011153859.1,
A,mvR10_Howe,35560,35560,1,none,,,rppA CDS,180,28.6%,G -> A,TCG -> TCA,912,SNP (transition),None,0.0,3,,SGL_RS01550,,,rppA,two-component system response regulator RppA,71.1%,G,A,WP_011153859.1,
T,mvR10_Howe,35644,35644,1,none,,,rppA CDS,264,27.4%,C -> T,GAC -> GAT,846,SNP (transition),None,0.0,3,,SGL_RS01550,,,rppA,two-component system response regulator RppA,72.5%,C,T,WP_011153859.1,
C,mvR10_Howe,35686,35686,1,none,,,rppA CDS,306,28.2%,T -> C,ATT -> ATC,865,SNP (transition),None,0.0,3,,SGL_RS01550,,,rppA,two-component system response regulator RppA,71.6%,T,C,WP_011153859.1,
T,mvR10_Howe,35695,35695,1,none,,,rppA CDS,315,28.5%,C -> T,TTC -> TTT,857,SNP (transition),None,0.0,3,,SGL_RS01550,,,rppA,two-component system response regulator RppA,71.3%,C,T,WP_011153859.1,
T,mvR10_Howe,35716,35716,1,none,,,rppA CDS,336,24.3%,C -> T,GCC -> GCT,847,SNP (transition),None,4.9E-314,3,,SGL_RS01550,,,rppA,two-component system response regulator RppA,75.6%,C,T,WP_011153859.1,
T,mvR10_Howe,35944,35944,1,none,,,rppA CDS,564,21.5%,C -> T,TCC -> TCT,887,SNP (transition),None,3.8E-150,3,,SGL_RS01550,,,rppA,two-component system response regulator RppA,78.1%,C,T,WP_011153859.1,
C,mvR10_Howe,35956,35956,1,none,,,rppA CDS,576,22.5%,T -> C,GTT -> GTC,904,SNP (transition),None,1.2E-182,3,,SGL_RS01550,,,rppA,two-component system response regulator RppA,77.5%,T,C,WP_011153859.1,
A,mvR10_Howe,35994,35994,1,none,,G -> E,rppA CDS,614,25.1%,G -> A,GGG -> GAG,950,SNP (transition),Substitution,1.5E-295,2,,SGL_RS01550,,,rppA,two-component system response regulator RppA,74.9%,G,A,WP_011153859.1,
C,mvR10_Howe,36025,36025,1,none,,,rppA CDS,645,25.7%,T -> C,ACT -> ACC,883,SNP (transition),None,0.0,3,,SGL_RS01550,,,rppA,two-component system response regulator RppA,73.8%,T,C,WP_011153859.1,
G,mvR10_Howe,36134,36134,1,none,,,rppB CDS,69,27.2%,A -> G,GGA -> GGG,922,SNP (transition),None,0.0,3,,SGL_RS01555,,,rppB,two-component system sensor histidine kinase RppB,72.8%,A,G,WP_011153860.1,
A,mvR10_Howe,36137,36137,1,none,,,rppB CDS,72,27.6%,T -> A,CTT -> CTA,921,SNP (transversion),None,0.0,3,,SGL_RS01555,,,rppB,two-component system sensor histidine kinase RppB,72.4%,T,A,WP_011153860.1,
GCTT,mvR10_Howe,36209,36212,3,none,,,rppB CDS,144,28.0% -> 28.1%,ATTA -> GCTT,"GAA,TTA -> GAG,CTT",899 -> 905,Substitution,None,1.2E-256,3,,SGL_RS01555,,,rppB,two-component system sensor histidine kinase RppB,,ATTA,GCTT,WP_011153860.1,
T,mvR10_Howe,36215,36215,1,none,,,rppB CDS,150,28.0%,C -> T,ACC -> ACT,893,SNP (transition),None,9.5E-227,3,,SGL_RS01555,,,rppB,two-component system sensor histidine kinase RppB,71.8%,C,T,WP_011153860.1,
CC,mvR10_Howe,36218,36219,2,none,,,rppB CDS,153,28.3% -> 28.5%,TT -> CC,"TCT,TTA -> TCC,CTA",864 -> 868,Substitution,None,2.5E-248,3,,SGL_RS01555,,,rppB,two-component system sensor histidine kinase RppB,,TT,CC,WP_011153860.1,
G,mvR10_Howe,36224,36224,1,none,,,rppB CDS,159,28.1%,A -> G,GCA -> GCG,858,SNP (transition),None,2.9E-242,3,,SGL_RS01555,,,rppB,two-component system sensor histidine kinase RppB,71.7%,A,G,WP_011153860.1,
G,mvR10_Howe,36227,36227,1,none,,,rppB CDS,162,28.2%,A -> G,GGA -> GGG,855,SNP (transition),None,1.1E-242,3,,SGL_RS01555,,,rppB,two-component system sensor histidine kinase RppB,71.7%,A,G,WP_011153860.1,
T,mvR10_Howe,36230,36230,1,none,,,rppB CDS,165,28.6%,C -> T,ACC -> ACT,856,SNP (transition),None,2.5E-272,3,,SGL_RS01555,,,rppB,two-component system sensor histidine kinase RppB,71.4%,C,T,WP_011153860.1,
T,mvR10_Howe,36243,36243,1,none,,,rppB CDS,178,29.3%,C -> T,CTG -> TTG,871,SNP (transition),None,3.6E-311,1,,SGL_RS01555,,,rppB,two-component system sensor histidine kinase RppB,70.7%,C,T,WP_011153860.1,
A,mvR10_Howe,36266,36266,1,none,,,rppB CDS,201,29.0%,G -> A,CCG -> CCA,893,SNP (transition),None,0.0,3,,SGL_RS01555,,,rppB,two-component system sensor histidine kinase RppB,70.9%,G,A,WP_011153860.1,
A,mvR10_Howe,36284,36284,1,none,,,rppB CDS,219,30.0%,G -> A,TCG -> TCA,877,SNP (transition),None,0.0,3,,SGL_RS01555,,,rppB,two-component system sensor histidine kinase RppB,70.0%,G,A,WP_011153860.1,
C,mvR10_Howe,37202,37202,1,none,,,rppB CDS,1137,28.3%,T -> C,GGT -> GGC,928,SNP (transition),None,0.0,3,,SGL_RS01555,,,rppB,two-component system sensor histidine kinase RppB,71.6%,T,C,WP_011153860.1,
C,mvR10_Howe,37253,37253,1,none,,,rppB CDS,1188,23.3%,T -> C,GAT -> GAC,860,SNP (transition),None,0.0,3,,SGL_RS01555,,,rppB,two-component system sensor histidine kinase RppB,76.5%,T,C,WP_011153860.1,
CGA,mvR10_Howe,86631,86633,2,none,,,hypothetical protein CDS,160,20.7% -> 21.0%,AGG -> CGA,AGG -> CGA,878 -> 883,Substitution,None,3.6E-12,1,,SGL_RS19330,,,,hypothetical protein,,AGG,CGA,WP_223211259.1,
C,mvR10_Howe,86714,86714,1,none,,,hypothetical protein CDS,243,22.1%,T -> C,TAT -> TAC,896,SNP (transition),None,1.0E-176,3,,SGL_RS19330,,,,hypothetical protein,77.5%,T,C,WP_223211259.1,
T,mvR10_Howe,86717,86717,1,none,,,hypothetical protein CDS,246,21.8%,C -> T,TAC -> TAT,898,SNP (transition),None,1.2E-192,3,,SGL_RS19330,,,,hypothetical protein,78.1%,C,T,WP_223211259.1,
G,mvR10_Howe,100567,100567,1,none,,,,,53.9%,A -> G,,1908,SNP (transition),,0.0,,,,,,,,45.9%,A,G,,
A,mvR10_Howe,100623,100623,1,none,,,AIPR family protein CDS,21,26.7%,G -> A,GGG -> GGA,1058,SNP (transition),None,0.0,3,,SGL_RS01855,,,,AIPR family protein,68.3%,G,A,WP_011153899.1,
T,mvR10_Howe,104091,104091,1,none,,,site-specific integrase CDS,237,24.6%,C -> T,CCG -> CCA,867,SNP (transition),None,5.7E-50,3,,SGL_RS01870,,,,site-specific integrase,75.3%,C,T,WP_011153902.1,
C,mvR10_Howe,104103,104103,1,none,,,site-specific integrase CDS,225,24.9%,T -> C,GTA -> GTG,838,SNP (transition),None,3.5E-50,3,,SGL_RS01870,,,,site-specific integrase,74.8%,T,C,WP_011153902.1,
C,mvR10_Howe,106004,106004,1,none,,K -> N,EAL domain-containing protein CDS,996,26.8%,A -> C,AAA -> AAC,71,SNP (transversion),Substitution,2.3E-31,3,,SGL_RS01365,,,,EAL domain-containing protein,28.2%,A,C,WP_011153819.1,
T,mvR10_Howe,106004,106004,1,none,,K -> N,EAL domain-containing protein CDS,996,23.9%,A -> T,AAA -> AAT,71,SNP (transversion),Substitution,1.6E-42,3,,SGL_RS01365,,,,EAL domain-containing protein,28.2%,A,T,WP_011153819.1,
